Patient_ID,Age,Gender,Drug_Response,rs1801133,rs1800460,rs4244285,rs1799853,rs1142345,sample_id,file_type,genome_build
P0000,59,Female,1,1,0,0,0,0,BENCH-0000,BAM,GRCh38
P0001,39,Female,1,1,0,0,0,0,BENCH-0001,BAM,GRCh38
P0002,66,Female,1,1,0,0,0,0,BENCH-0002,BAM,GRCh38
P0003,69,Female,0,1,0,0,0,0,BENCH-0003,BAM,GRCh38
P0004,25,Male,0,2,0,0,0,0,BENCH-0004,BAM,GRCh38
P0005,35,Female,1,1,0,0,0,0,BENCH-0005,BAM,GRCh38
P0006,56,Male,1,1,0,0,0,0,BENCH-0006,BAM,GRCh38
P0007,50,Male,1,0,0,0,0,0,BENCH-0007,BAM,GRCh38
P0008,54,Female,1,0,0,1,0,0,BENCH-0008,BAM,GRCh38
P0009,42,Male,1,2,0,0,0,0,BENCH-0009,BAM,GRCh38
P0010,68,Female,1,0,0,0,0,0,BENCH-0010,BAM,GRCh38
P0011,66,Female,0,0,0,0,0,0,BENCH-0011,BAM,GRCh38
P0012,55,Female,1,2,0,0,0,0,BENCH-0012,BAM,GRCh38
P0013,71,Female,1,1,0,0,0,1,BENCH-0013,BAM,GRCh38
P0014,62,Female,1,0,0,1,0,0,BENCH-0014,BAM,GRCh38
P0015,42,Male,1,0,0,1,0,0,BENCH-0015,BAM,GRCh38
P0016,60,Male,1,2,0,0,0,0,BENCH-0016,BAM,GRCh38
P0017,40,Male,1,1,0,0,0,0,BENCH-0017,BAM,GRCh38
P0018,68,Male,1,2,0,0,0,0,BENCH-0018,BAM,GRCh38
P0019,54,Male,0,0,0,0,0,0,BENCH-0019,BAM,GRCh38
P0020,52,Female,0,0,0,1,1,0,BENCH-0020,BAM,GRCh38
P0021,44,Male,1,0,0,0,0,1,BENCH-0021,BAM,GRCh38
P0022,73,Male,1,1,0,0,0,0,BENCH-0022,BAM,GRCh38
P0023,52,Male,1,0,0,0,0,0,BENCH-0023,BAM,GRCh38
P0024,48,Male,0,1,0,0,0,0,BENCH-0024,BAM,GRCh38
P0025,49,Female,1,0,0,0,0,0,BENCH-0025,BAM,GRCh38
P0026,62,Female,0,1,0,0,0,0,BENCH-0026,BAM,GRCh38
P0027,60,Female,1,0,0,1,0,0,BENCH-0027,BAM,GRCh38
P0028,61,Female,1,1,0,0,0,0,BENCH-0028,BAM,GRCh38
P0029,61,Male,1,0,0,0,0,0,BENCH-0029,BAM,GRCh38
P0030,87,Female,0,0,0,1,0,0,BENCH-0030,BAM,GRCh38
P0031,48,Male,1,2,0,1,0,1,BENCH-0031,BAM,GRCh38
P0032,47,Male,1,0,0,0,0,0,BENCH-0032,BAM,GRCh38
P0033,42,Male,1,1,0,0,0,0,BENCH-0033,BAM,GRCh38
P0034,64,Female,1,0,0,0,0,0,BENCH-0034,BAM,GRCh38
P0035,71,Male,1,0,0,0,0,0,BENCH-0035,BAM,GRCh38
P0036,53,Male,1,0,0,0,0,0,BENCH-0036,BAM,GRCh38
P0037,42,Female,1,1,0,1,0,0,BENCH-0037,BAM,GRCh38
P0038,42,Male,0,2,1,1,0,0,BENCH-0038,BAM,GRCh38
P0039,64,Female,0,1,0,0,0,0,BENCH-0039,BAM,GRCh38
P0040,66,Male,1,1,0,0,0,0,BENCH-0040,BAM,GRCh38
P0041,63,Male,1,1,0,0,0,0,BENCH-0041,BAM,GRCh38
P0042,45,Male,1,2,0,0,0,0,BENCH-0042,BAM,GRCh38
P0043,58,Female,1,1,0,0,0,0,BENCH-0043,BAM,GRCh38
P0044,56,Male,1,1,0,0,0,0,BENCH-0044,BAM,GRCh38
P0045,58,Male,1,1,1,0,0,0,BENCH-0045,BAM,GRCh38
P0046,68,Male,0,1,0,1,0,0,BENCH-0046,BAM,GRCh38
P0047,58,Female,1,0,0,0,1,0,BENCH-0047,BAM,GRCh38
P0048,65,Female,1,0,0,0,0,0,BENCH-0048,BAM,GRCh38
P0049,56,Female,0,0,0,0,0,0,BENCH-0049,BAM,GRCh38
