rs1801133,rs1800460,rs4244285,rs1799853,rs1142345,SNP_1,SNP_2,SNP_3,SNP_4,SNP_5,SNP_6,SNP_7,SNP_8,SNP_9,SNP_10,SNP_11,SNP_12,SNP_13,SNP_14,SNP_15,SNP_16,SNP_17,SNP_18,SNP_19,SNP_20,SNP_21,SNP_22,SNP_23,SNP_24,SNP_25,SNP_26,SNP_27,SNP_28,SNP_29,SNP_30,gender_code,age_bin_code,Response_Probability,label,sample_hash
1,0,0,0,0,1,0,0,1,0,0,0,0,1,0,0,1,0,1,1,1,0,0,1,0,0,0,1,0,0,0,0,0,0,1,0,1,0.75,0,a46d7ae4bfab0800
1,0,0,0,0,2,1,0,0,1,1,1,0,0,1,0,1,0,0,0,1,0,1,1,1,1,1,0,0,0,0,0,1,0,0,1,0,0.75,1,4e583a5cbcb9ef20
1,0,0,0,0,0,0,0,0,1,1,1,0,1,1,0,0,0,0,0,1,0,0,1,0,1,1,0,0,0,1,0,0,0,1,1,2,0.75,0,dc92c49ed4c329d5
1,0,0,0,0,1,1,0,0,0,0,0,0,1,0,0,1,0,0,0,0,0,0,1,0,1,1,0,0,0,0,0,0,1,1,1,2,0.75,1,1ca629e7dba08f64
2,0,0,0,0,0,0,0,1,1,1,2,0,0,0,0,0,1,0,0,0,0,1,2,2,1,0,0,0,0,0,0,0,1,1,1,0,0.75,0,7ba06fcc004e21e9
1,0,0,0,0,0,0,0,0,1,1,1,1,0,0,0,0,2,0,1,1,0,1,1,0,0,1,0,0,0,0,1,0,0,0,1,0,0.75,0,f26935a94b0da959
1,0,0,0,0,2,1,0,1,1,1,1,0,0,1,1,1,0,1,0,0,0,0,1,0,1,2,1,1,0,0,0,0,0,0,0,1,0.75,0,bfab9b705b0ed52f
0,0,0,0,0,1,0,0,0,0,1,1,1,1,0,0,0,0,0,0,1,1,2,2,1,0,0,0,0,0,0,0,0,0,0,0,1,0.75,1,eb96d45024187db5
0,0,1,0,0,0,0,0,0,2,0,0,2,2,1,0,1,2,0,0,1,0,0,1,0,0,0,0,0,0,2,1,1,0,0,0,1,0.63,0,41a7ad66202317f6
2,0,0,0,0,0,1,0,1,2,1,1,0,2,1,0,0,1,1,0,1,0,0,1,0,0,1,1,0,0,1,0,0,0,0,1,1,0.75,1,7f43e65ed898afbb
0,0,0,0,0,2,1,0,1,1,0,0,1,1,2,1,1,2,1,1,1,0,0,1,0,1,1,1,1,1,2,0,1,0,0,1,2,0.75,1,8377623a7a574c5e
0,0,0,0,0,2,2,0,0,1,0,0,0,2,2,0,0,0,0,1,0,0,0,0,1,1,1,0,0,0,1,1,1,0,0,1,2,0.75,1,debc412258609ae4
2,0,0,0,0,0,1,0,0,0,1,0,0,1,1,0,1,1,1,1,2,0,0,1,0,0,2,0,0,0,0,0,0,0,0,0,1,0.75,1,4094a17f9deaa437
1,0,0,0,1,0,0,0,0,1,0,1,1,1,1,0,0,1,0,1,1,0,1,0,0,0,0,0,0,0,1,1,1,0,1,0,2,0.75,1,6318caabb8a17479
0,0,1,0,0,1,0,0,0,0,0,1,1,0,0,0,0,0,0,0,0,0,0,0,0,0,1,1,1,0,0,0,0,1,1,1,2,0.63,1,cc4a00520220b825
0,0,1,0,0,0,1,1,2,1,0,1,0,1,1,0,0,0,0,0,0,0,1,2,0,1,1,0,0,0,1,1,0,0,2,0,1,0.63,0,5052def0fcbe2152
2,0,0,0,0,1,2,0,1,1,0,0,0,0,1,0,1,0,0,0,1,0,0,0,0,1,2,1,0,0,0,0,0,0,0,1,1,0.75,1,3e5fce002dd9de33
1,0,0,0,0,0,0,0,0,1,1,1,1,1,2,0,0,1,0,1,1,1,1,1,2,0,0,0,0,0,0,0,1,0,0,1,0,0.75,1,7f1f1bccc2559bee
2,0,0,0,0,0,0,0,0,0,0,1,0,1,1,0,1,1,1,1,1,0,0,0,0,0,1,0,0,0,2,0,0,0,1,1,2,0.75,1,e0a24d8a5432bd55
0,0,0,0,0,0,0,0,0,1,0,1,1,1,1,0,0,0,0,0,2,0,0,0,1,0,0,1,0,0,0,0,0,0,0,1,1,0.75,1,8456f29a01cd831f
0,0,1,1,0,1,1,0,0,0,0,1,1,0,0,0,0,0,0,0,0,0,1,1,1,0,1,0,0,0,1,0,1,0,0,0,1,0.53,1,367b6ae2744e3dc7
0,0,0,0,1,2,2,1,0,0,0,0,0,1,1,0,1,2,1,1,1,0,0,1,0,2,1,2,0,0,1,0,0,1,1,0,1,0.75,1,f7efdd4f2571a8b4
1,0,0,0,0,0,0,0,0,1,0,0,0,0,0,0,0,0,0,0,1,1,1,2,1,1,1,1,0,0,0,0,1,0,0,1,2,0.75,1,873b4c4d216d7ec8
0,0,0,0,0,1,1,0,0,0,0,0,0,0,0,0,0,0,0,0,0,0,0,0,0,0,1,0,0,0,0,0,0,0,0,0,1,0.75,1,3ebddda7fa8e2ee4
1,0,0,0,0,1,1,0,0,0,1,1,1,0,0,0,0,1,0,0,1,0,1,0,0,1,2,0,0,0,1,1,1,0,0,0,1,0.75,1,66e7062c20c827e9
0,0,0,0,0,1,1,0,1,2,1,1,2,1,1,1,1,1,1,1,0,0,0,0,1,2,2,1,1,0,1,0,0,0,0,0,1,0.75,1,c96b3ae511988a5e
1,0,0,0,0,1,1,1,1,1,0,1,0,0,0,0,0,1,0,0,1,0,1,2,1,0,0,0,0,1,2,1,0,0,0,0,2,0.75,0,341b79feecddd019
0,0,1,0,0,0,0,0,0,0,0,0,0,1,0,0,1,0,0,0,0,0,0,1,0,1,2,0,0,0,0,0,1,1,1,1,1,0.63,1,2f54754a87d60139
1,0,0,0,0,2,2,1,1,1,0,2,2,0,1,0,0,1,0,1,1,0,1,0,0,0,0,0,0,0,1,0,0,0,0,0,2,0.75,1,ae4f4bbf11f12917
0,0,0,0,0,1,0,0,0,0,0,0,0,1,1,0,1,0,0,0,0,1,1,0,0,0,0,0,0,0,1,0,0,0,0,1,2,0.75,0,97df08bd6724760c
0,0,1,0,0,1,1,0,1,0,1,1,0,1,0,0,0,1,0,1,2,1,1,2,0,0,0,0,0,0,2,0,1,0,0,0,2,0.63,1,ac5bf5969745a075
2,0,1,0,1,1,1,0,2,1,1,0,0,1,2,0,1,1,1,1,1,0,0,0,0,0,0,0,0,0,1,0,2,0,0,1,1,0.63,1,1dd67a3be5ef077d
0,0,0,0,0,2,1,0,1,1,0,0,0,1,1,0,0,1,0,0,0,0,0,0,0,1,0,0,0,0,1,0,0,0,0,0,1,0.75,1,f24cae957fdcd035
1,0,0,0,0,1,2,1,2,0,0,1,1,1,1,0,0,0,0,0,1,0,0,1,1,0,1,0,0,0,0,0,0,0,0,1,1,0.75,1,7ebef43306e576c4
0,0,0,0,0,1,1,0,1,0,0,0,0,1,1,1,1,0,0,0,1,0,0,1,1,0,1,1,0,0,0,0,0,0,0,1,2,0.75,1,c2fe6333ae58e176
0,0,0,0,0,0,0,0,1,0,0,1,1,1,1,0,1,0,0,0,1,0,0,1,0,0,0,0,0,0,0,1,2,0,1,0,2,0.75,1,dfb33abaaa26a192
0,0,0,0,0,1,1,0,1,1,0,0,0,1,1,0,0,1,0,0,2,1,1,2,2,1,2,1,1,0,1,0,0,1,1,0,1,0.75,1,a7b14dfed6a0acf1
1,0,1,0,0,2,1,0,0,1,0,1,1,1,0,0,0,0,0,0,0,1,1,1,0,0,0,0,0,0,1,0,1,0,0,1,1,0.63,0,da7a431e49f1409b
2,1,1,0,0,2,0,0,0,1,0,1,0,1,2,0,1,1,0,0,1,0,1,0,0,0,0,0,0,0,0,1,1,0,0,0,1,0.63,0,bb5f4785a60c52eb
1,0,0,0,0,0,0,0,0,1,0,0,0,1,1,0,1,0,0,0,0,0,0,1,0,1,2,1,1,1,2,1,1,1,0,0,2,0.75,1,dcee82fcce73c856
1,0,0,0,0,0,0,0,0,0,0,0,0,2,2,1,1,0,0,0,0,0,0,0,0,0,2,1,1,0,1,0,0,0,1,1,2,0.75,1,2d747d0d39b83b40
1,0,0,0,0,0,0,0,0,1,0,1,1,1,2,1,1,2,0,1,1,0,0,0,0,1,2,1,0,0,0,0,0,1,1,0,2,0.75,1,3eb70b1efddd14a9
2,0,0,0,0,1,1,0,1,1,0,0,1,1,1,1,2,0,0,0,1,0,1,1,0,1,0,0,0,0,1,0,0,1,2,0,1,0.75,0,6ef63c3ccf22a8db
1,0,0,0,0,1,1,0,0,1,1,0,0,0,0,0,0,1,1,0,0,0,1,0,0,0,1,0,0,0,2,1,1,0,0,0,1,0.75,1,ddd27aa40302ce30
1,0,0,0,0,0,0,0,0,1,1,1,0,1,1,0,0,1,0,1,2,0,1,2,1,0,1,0,0,0,2,0,0,0,1,1,1,0.75,1,86f2a2a99672ef75
1,1,0,0,0,0,1,0,0,2,1,1,1,0,0,0,1,0,0,0,1,0,1,1,1,0,1,0,0,0,1,0,1,0,1,1,1,0.75,1,b4d117902cae1e10
1,0,1,0,0,1,0,0,0,0,0,1,0,1,0,0,1,0,0,0,1,0,0,1,0,1,1,1,0,0,1,0,1,0,1,0,2,0.63,1,29e5c2888a85e09f
0,0,0,1,0,0,2,0,1,2,0,2,2,1,1,0,0,1,1,1,1,0,1,2,1,0,0,0,0,0,1,0,0,0,0,0,1,0.65,1,bad9a1c119f586cf
0,0,0,0,0,0,1,0,1,0,0,2,2,0,0,0,0,0,0,1,1,1,1,2,1,1,1,0,0,0,1,0,0,0,0,0,2,0.75,1,3bbf5d353126852b
0,0,0,0,0,1,1,0,0,0,0,2,0,0,2,0,1,0,0,1,1,0,0,1,0,0,0,0,0,0,0,0,0,0,0,0,1,0.75,1,bc6b4f2258373dc0
1,0,0,0,0,0,0,0,1,0,0,0,0,2,2,0,1,1,0,0,0,0,1,1,0,0,0,0,0,0,1,1,1,0,0,0,1,0.75,0,39b1cc4e627abd7e
2,1,0,0,0,1,1,0,0,2,0,2,0,0,1,0,1,1,0,1,1,0,0,0,0,0,0,0,0,0,0,0,0,0,0,0,2,0.75,1,0e75d5ee23ee75cd
1,0,0,0,0,0,1,0,0,0,0,0,0,1,0,0,0,1,0,0,0,0,1,0,0,1,1,1,0,0,0,0,0,0,0,0,0,0.75,1,16e16f02c7cb94a6
0,0,0,0,0,0,0,0,0,1,0,1,1,2,1,0,1,1,0,0,2,0,1,1,0,1,1,0,0,0,1,2,0,0,0,0,1,0.75,1,728bdf2499ada1d4
1,0,0,0,0,1,1,0,1,1,1,0,1,1,2,0,0,0,0,0,1,0,0,0,0,0,0,0,0,0,0,0,1,0,0,1,1,0.75,1,c352cf06708c3141
1,0,0,0,0,0,1,0,0,0,0,0,0,1,1,1,0,0,1,1,1,0,0,1,0,0,0,0,0,0,0,0,0,0,0,1,1,0.75,1,661fffd4b3c1e924
0,0,0,1,0,0,0,0,0,0,0,0,0,1,1,0,0,0,0,0,0,0,1,0,0,0,0,0,0,0,2,0,1,1,1,0,1,0.65,1,3b9080a96446afc5
1,0,0,0,0,0,0,0,0,0,0,0,0,1,0,0,0,0,1,1,1,0,0,0,0,0,1,0,0,0,1,0,0,0,0,1,2,0.75,1,426608eb8ca99fe6
1,0,1,0,0,0,1,0,0,1,0,0,1,0,1,0,0,0,0,0,1,1,2,1,1,0,0,0,0,0,0,0,0,0,2,1,1,0.63,1,cdf3c0acfeaee975
1,0,0,1,0,0,1,0,1,1,1,0,1,0,1,0,0,0,0,0,1,0,0,1,1,0,0,0,0,0,0,0,0,0,0,0,2,0.65,1,c2cfb414c63c4c25
0,0,0,0,0,1,1,0,0,1,0,0,0,1,1,0,0,1,0,0,1,0,1,1,0,0,0,0,0,0,1,0,1,0,0,1,0,0.75,0,ef1238b0258a5c2e
0,0,0,1,0,1,1,0,1,1,0,1,1,2,1,0,0,1,0,0,0,0,0,0,0,0,1,0,0,0,1,0,1,0,0,1,1,0.65,1,7eabfde2062a0d33
0,0,0,0,0,1,0,0,1,1,0,1,1,0,1,0,0,0,0,0,0,0,2,2,0,1,2,1,0,0,0,0,0,0,0,0,1,0.75,1,53a523da26fa9367
2,0,0,0,0,1,1,0,0,0,0,0,0,0,0,0,0,1,0,1,0,0,0,0,0,0,1,0,0,1,0,0,0,0,0,0,2,0.75,0,4fd33ae8e335fc74
0,0,1,0,0,0,1,0,1,1,0,0,0,1,2,0,0,0,0,0,1,0,0,0,0,0,0,0,0,0,0,0,0,0,1,1,2,0.63,1,2cc0762babe2aa11
1,0,0,0,0,1,1,0,0,1,0,1,0,0,0,0,0,0,0,0,1,0,0,0,1,0,0,0,1,0,1,0,0,1,1,1,2,0.75,1,7b9daf48b755ee27
1,0,1,1,0,1,0,0,0,0,0,0,0,0,0,0,0,1,1,1,1,0,0,0,1,0,0,0,0,0,1,0,0,1,1,1,1,0.53,1,4b4bc61327e4485e
1,0,0,0,0,0,1,0,1,2,1,1,1,1,1,0,0,0,0,0,0,0,0,0,0,1,1,1,0,0,1,0,1,0,0,0,1,0.75,1,87ed0d205e08a6aa
0,0,0,0,1,1,2,1,1,0,0,0,0,1,0,0,0,1,2,1,2,0,0,0,0,0,1,0,0,0,0,0,0,0,0,0,2,0.75,0,6e5f3ef7683590f6
0,0,1,0,0,0,0,0,0,1,0,0,0,0,0,0,0,0,0,0,1,0,0,0,0,0,1,1,1,0,1,1,0,0,0,1,1,0.63,1,bc71116f23f72a58
0,0,1,0,0,1,0,0,0,0,0,1,0,0,1,0,0,1,0,1,1,0,0,1,1,1,1,0,0,0,1,1,1,0,1,0,0,0.63,1,e24543f1ff31d8e1
1,0,0,0,0,1,2,0,1,0,0,0,1,1,2,0,0,2,1,1,1,0,0,0,0,0,1,0,0,0,1,0,0,0,0,1,0,0.75,1,13e84258185833d0
1,0,0,0,0,0,0,0,1,1,1,2,1,0,0,0,0,0,0,0,0,0,1,1,0,2,2,0,0,0,0,0,0,1,1,1,1,0.75,0,849be316cf491f97
1,0,1,0,0,1,0,0,0,1,0,0,0,1,0,0,0,0,0,1,1,0,0,1,0,1,2,2,2,0,0,0,0,0,0,0,2,0.63,0,9f9cc2004ad1fe92
1,0,1,1,0,1,0,0,0,0,0,0,1,2,2,1,0,0,0,0,0,0,0,0,0,1,1,0,0,0,1,0,0,0,1,1,1,0.53,0,bd9783124e22a0e9
0,0,0,0,0,0,0,0,0,1,0,1,1,2,2,0,0,0,0,0,1,0,0,0,0,1,0,1,0,0,0,0,0,0,0,1,2,0.75,0,bfdb966e0e788b7b
0,0,0,0,0,1,1,1,1,1,0,1,2,1,0,0,1,1,0,1,2,1,1,1,0,0,0,0,0,0,1,1,1,1,1,1,1,0.75,1,00ffdeb3658553b5
1,0,1,1,0,1,1,1,1,1,0,1,1,2,2,1,2,1,0,0,1,0,0,0,0,0,0,0,0,0,1,1,1,1,1,0,1,0.53,0,671903dcafc49464
0,0,0,0,0,2,1,0,0,1,0,1,0,2,2,1,1,0,0,0,0,0,1,1,1,1,1,0,0,1,2,2,1,0,0,0,2,0.75,0,50468f75b9cf31d3
0,0,1,0,0,0,0,0,1,0,0,0,0,1,1,0,1,0,0,0,0,0,0,1,0,0,0,0,0,0,0,0,0,0,0,0,1,0.63,1,09af2d535510a997
0,0,0,0,1,0,1,0,0,0,0,0,0,0,0,0,0,0,0,0,1,0,0,1,0,0,0,0,0,0,1,2,1,0,1,1,2,0.75,0,351ee1d75a159884
2,0,0,0,0,0,1,0,0,0,0,0,0,1,1,0,1,0,0,0,2,0,0,1,1,0,0,0,0,0,1,0,0,0,0,1,1,0.75,1,c1567210e4fb340b
1,0,0,0,0,0,0,0,0,0,0,0,1,1,1,0,0,1,0,0,1,0,0,0,0,2,1,1,0,0,1,0,1,1,1,0,1,0.75,0,7200b3ccbd4e0ab8
1,0,0,0,1,1,1,0,0,1,2,1,0,0,1,0,1,1,1,1,2,1,1,2,1,0,2,1,1,0,0,0,1,0,0,1,1,0.75,0,1879f640c996d6ee
1,0,0,0,0,0,2,0,0,2,1,1,1,2,1,1,1,1,0,0,1,0,0,0,0,1,1,0,0,0,0,0,1,0,0,0,0,0.75,1,6393ef8da8f09da7
0,0,0,0,0,0,0,0,0,1,0,0,0,2,2,1,1,1,1,2,1,0,1,0,0,2,2,2,1,0,1,0,0,1,2,0,2,0.75,0,109111790b8cf0d3
0,0,0,0,0,0,1,0,1,1,1,1,2,1,1,0,2,1,0,0,0,1,1,0,1,0,1,0,0,1,1,0,0,0,0,1,1,0.75,1,d02e6cacbcbe4bdd
1,0,2,0,0,0,1,0,0,0,0,0,0,0,1,0,0,1,1,0,1,1,2,1,1,0,0,0,0,1,2,1,1,0,0,0,1,0.4,1,8f566186e2585467
0,0,1,0,0,1,1,0,0,2,1,2,1,1,2,0,0,1,0,0,1,0,0,0,0,0,0,0,0,0,1,0,0,0,0,1,2,0.63,0,dc5a9de02f63b4dc
1,0,0,0,0,1,2,0,1,0,0,2,1,0,0,0,0,1,0,0,1,0,0,1,0,0,0,0,0,1,2,1,1,0,0,1,2,0.75,1,a1e339d8afb70966
0,0,0,0,0,1,0,0,1,1,0,1,0,1,1,0,1,0,0,0,0,0,0,1,0,0,2,0,0,0,0,0,0,1,0,0,2,0.75,0,d500c58f74d79054
0,0,0,0,1,0,0,0,0,1,0,0,0,2,2,0,1,0,0,0,1,0,0,1,1,1,1,0,0,0,0,0,1,0,1,0,1,0.75,1,092fe747d92ec7fd
0,0,2,0,0,0,0,0,0,0,0,0,1,1,2,1,1,0,0,0,2,0,0,1,0,1,1,1,1,0,1,0,0,0,0,0,1,0.4,0,0690a2a55891634e
1,0,0,0,0,2,1,0,0,1,1,1,1,1,1,0,1,1,0,0,1,1,0,1,0,0,0,0,0,0,0,0,0,0,1,0,1,0.75,0,040fbf437bab7224
1,0,0,0,0,0,0,0,0,1,0,2,2,0,2,0,1,1,0,1,1,0,1,2,1,0,1,1,1,0,0,0,0,0,1,0,0,0.75,0,d901e79eef8795aa
2,1,0,0,0,0,2,1,1,0,1,1,1,0,0,0,0,0,1,0,0,0,1,1,1,0,0,0,0,0,0,0,0,0,0,0,0,0.75,1,04299d2bc54adaa6
1,0,1,0,0,1,1,0,2,1,0,1,1,0,0,0,0,0,0,0,0,0,1,1,1,0,0,0,0,0,1,1,0,0,0,0,0,0.63,1,42900400650d4d86
1,0,0,0,0,0,2,0,0,1,1,2,2,0,1,0,0,0,0,0,1,0,1,0,0,0,1,1,1,0,0,0,0,0,0,1,0,0.75,1,9b489a75d1e5232c
1,0,0,0,0,2,2,1,1,0,0,2,1,1,2,0,1,0,0,0,0,0,1,1,1,0,0,0,0,0,0,0,0,1,1,0,1,0.75,1,075e89ebed3206ba
0,0,0,0,0,1,1,0,0,1,0,0,0,0,2,0,1,0,0,0,0,0,1,1,1,1,2,1,2,0,0,0,1,0,0,0,1,0.75,0,307490f1cc5eff68
1,0,1,1,0,1,2,1,1,0,0,0,0,1,1,1,1,0,0,1,1,0,1,1,0,0,1,0,0,0,1,0,0,0,0,1,1,0.53,1,f0a25d1cb768f363
1,0,0,0,0,1,1,0,0,1,1,1,1,0,0,0,0,0,0,0,0,0,1,1,1,1,1,0,0,0,0,0,0,0,0,1,2,0.75,0,0f436e81904261bb
1,0,0,0,0,1,1,1,1,0,0,1,1,2,1,1,1,0,0,0,0,0,0,0,0,0,0,0,0,0,1,0,0,0,1,1,1,0.75,1,e7b9337cab321270
1,0,1,0,0,1,1,0,0,2,0,2,1,2,2,0,0,1,1,1,1,0,1,0,0,0,2,2,1,0,1,0,0,0,0,1,2,0.63,1,4f1fb7588fcbba6f
0,0,0,0,0,1,1,0,1,1,1,1,1,0,1,0,0,0,0,0,0,1,1,2,2,0,2,1,1,0,1,0,0,1,1,0,0,0.75,1,91ea7ceed3474619
1,0,0,0,0,1,0,0,0,0,0,2,1,0,0,0,0,1,1,0,1,0,0,0,0,1,2,1,1,0,0,0,0,0,1,1,1,0.75,1,19b69e1a68ea9009
0,0,0,0,0,0,0,0,0,1,0,0,0,0,0,0,0,0,0,0,1,0,0,1,0,0,1,0,0,0,1,0,1,1,0,0,0,0.75,1,106762c0ec247196
0,0,0,0,0,1,1,0,0,1,1,0,1,2,2,1,2,0,0,0,0,0,0,1,0,0,1,0,0,0,1,1,1,0,0,0,1,0.75,1,b14ca37ab9ba8ddb
0,0,0,0,0,1,1,0,1,1,0,0,0,1,1,1,1,0,0,0,1,0,1,0,0,0,0,0,1,0,1,0,0,0,0,0,2,0.75,1,1594359a94f88b04
0,0,1,0,0,1,1,0,0,0,0,0,0,0,0,0,1,0,0,0,1,0,0,0,0,0,1,0,0,0,1,0,0,0,0,1,0,0.63,0,2ac7ba2ea5f010ec
1,0,0,0,0,1,2,1,2,2,2,2,2,0,0,0,0,0,0,1,1,0,0,1,1,0,0,0,0,0,1,1,1,0,0,1,2,0.75,1,d1ac50e217accab6
1,0,0,0,0,1,1,0,0,1,0,0,1,0,0,0,0,2,1,0,1,0,0,1,0,0,1,1,0,0,0,0,0,0,0,0,1,0.75,1,5a4d3649d20bbbbf
0,0,0,0,0,1,0,0,0,1,0,0,0,1,1,0,0,0,0,0,0,0,0,0,0,0,1,2,0,0,1,0,0,0,0,0,1,0.75,1,5582806c7bdb0e0e
1,0,0,0,0,0,0,0,0,1,1,0,0,0,0,0,0,0,0,0,0,0,2,2,1,0,0,0,0,0,0,0,1,0,1,0,0,0.75,1,0f493b7fb40ecaa8
0,0,0,0,0,1,1,0,0,2,1,2,2,2,2,0,1,0,0,0,1,0,0,0,1,2,2,1,0,0,1,0,1,0,0,0,1,0.75,0,8fae07746708ce1c
0,0,0,0,0,0,0,0,1,2,0,1,0,1,1,0,0,0,0,0,1,1,0,1,1,0,0,0,0,0,1,0,0,1,1,1,1,0.75,0,5c68e587bead4bc2
0,0,0,0,0,0,1,0,1,1,1,2,1,1,1,0,0,0,0,1,1,0,1,1,1,0,1,1,0,0,2,0,1,0,0,0,1,0.75,0,5c749beac51313e1
1,0,1,0,0,1,0,0,1,1,0,1,1,1,1,0,0,0,0,0,1,0,0,0,0,1,1,2,1,0,0,0,0,0,0,1,1,0.63,0,4aced86d874f83dc
0,0,0,1,0,1,1,0,1,0,0,1,1,0,1,0,0,1,0,1,1,0,0,1,0,1,1,0,0,1,2,1,1,0,1,1,2,0.65,1,aff7fefcf2b99f93
1,0,0,1,0,1,1,0,1,0,0,0,0,1,0,0,1,0,0,0,2,0,0,0,0,0,2,2,1,0,2,0,0,0,0,0,1,0.65,1,b582dbafb17d3d55
0,0,0,0,0,1,2,0,2,1,1,0,1,1,1,0,0,0,0,0,1,0,0,1,0,1,1,0,0,0,2,1,0,1,1,1,0,0.75,1,0af9efe26c1be44c
0,0,0,0,1,1,2,0,1,0,0,0,1,1,0,0,1,0,0,0,0,1,1,2,1,1,2,1,1,0,1,0,2,0,0,1,1,0.75,0,06383d9f2f15a7c5
0,0,0,0,0,1,1,0,1,0,0,0,0,0,0,0,0,1,0,0,1,0,0,0,0,0,1,0,0,0,0,0,0,2,2,1,1,0.75,1,5693a1e052d3a689
1,0,0,0,0,1,1,0,0,2,0,0,0,0,0,0,0,0,0,0,0,0,1,1,0,1,1,1,0,0,0,0,0,0,1,1,2,0.75,1,4c1c42f7e619bc9e
0,0,0,0,0,1,1,0,1,0,1,1,1,1,1,0,1,2,1,1,1,0,1,0,0,0,0,0,0,2,2,0,1,0,1,0,2,0.75,0,88d2aacc97659fdd
0,0,0,0,0,0,0,0,1,0,0,0,0,1,0,0,0,1,0,0,2,0,1,2,1,0,0,0,0,0,1,0,0,0,0,1,1,0.75,1,74edf1c0c6ea0738
0,0,0,0,0,1,0,0,1,2,0,1,1,2,1,0,1,0,0,0,0,0,0,0,0,0,0,0,0,0,0,0,0,0,0,0,2,0.75,1,f5f0a1590edae0d3
0,0,0,0,0,1,1,0,0,1,0,1,1,2,1,1,2,0,0,0,0,0,1,1,0,0,2,0,0,1,1,1,1,0,0,0,0,0.75,1,c600a27bdec52805
0,0,2,0,0,0,0,0,1,1,0,0,1,1,1,0,0,0,0,0,0,0,0,0,0,0,1,0,0,0,0,0,1,0,1,1,1,0.4,0,1c3b62a27a7e5cf3
0,0,0,0,0,1,0,0,0,0,0,0,0,0,0,0,1,1,1,0,1,0,0,0,0,0,0,0,0,0,0,0,1,0,0,1,1,0.75,1,2fd54e1d98075f4a
2,0,1,0,1,1,1,0,0,0,1,0,0,0,0,0,1,0,0,0,0,0,0,0,0,1,1,0,0,0,1,1,0,0,0,0,1,0.63,0,ef7b9feba5107712
1,0,0,1,0,0,1,0,1,1,0,1,1,1,2,0,0,0,0,1,1,1,0,1,0,0,2,1,0,0,0,0,0,0,0,0,0,0.65,1,1d999ee3eedb1e3d
1,0,0,0,1,2,2,1,1,0,0,0,0,0,0,0,0,1,1,0,1,0,0,1,1,1,1,0,0,0,0,0,0,1,0,0,2,0.75,1,d8fe9851687e2744
2,0,0,0,0,1,0,0,0,1,0,1,1,0,0,0,0,1,1,2,2,0,0,0,1,1,1,1,1,0,1,1,1,0,0,0,1,0.75,1,e3a1b4c6acd006e4
1,0,0,0,0,1,1,0,0,0,0,0,0,1,1,0,0,1,0,0,1,1,1,1,1,0,1,0,0,0,0,0,0,0,0,1,0,0.75,1,0216e6785262b2df
1,1,2,1,0,1,1,0,0,1,1,1,1,1,1,0,1,0,0,0,1,0,0,0,0,0,1,0,1,0,0,0,0,0,0,1,0,0.3,0,84e1ba984e5cacdc
1,0,0,0,0,1,2,0,1,1,0,0,0,0,1,1,1,0,0,0,0,0,1,1,0,1,1,0,1,0,1,0,1,1,1,0,1,0.75,1,f82a19288defde77
1,0,0,0,0,1,1,0,1,0,0,1,1,0,0,0,0,0,0,0,1,0,1,1,0,1,1,1,0,0,0,0,0,0,0,1,2,0.75,0,26b19504874bc482
1,0,0,0,0,0,2,1,1,2,0,1,2,1,0,0,1,1,0,0,0,0,1,2,1,0,0,0,0,0,1,0,0,0,0,0,2,0.75,1,12a150daaef0b5c8
1,0,0,0,0,1,2,0,0,0,0,0,0,0,0,0,0,0,1,0,1,0,0,0,1,1,2,1,0,1,1,0,0,0,0,0,2,0.75,1,b05e69ccf5fd2223
2,0,0,0,1,0,0,0,1,2,0,1,1,2,1,0,1,1,0,0,2,0,1,2,1,1,2,2,1,0,1,0,1,0,0,0,2,0.75,1,4457ec0ceb32b561
0,0,0,0,0,1,2,0,2,1,1,1,1,1,1,0,0,0,0,0,0,0,1,0,1,0,0,0,0,0,1,0,1,1,1,1,0,0.75,1,a8a50133f50b1801
0,0,1,0,0,1,2,0,1,0,0,0,0,2,1,0,0,1,1,1,1,0,0,1,0,1,0,1,0,0,2,0,0,0,0,1,0,0.63,0,c5b1fc8525693432
0,0,0,0,0,0,0,0,0,1,0,1,0,2,1,0,1,0,0,0,0,0,2,1,0,1,1,0,0,0,1,0,0,0,2,1,1,0.75,1,da49641728954e69
1,0,0,0,0,0,0,0,0,0,0,1,1,1,0,0,0,1,1,1,1,0,0,1,0,0,1,0,0,0,1,0,0,0,1,1,1,0.75,1,c1b437aaf0fcf85a
1,0,0,0,0,0,0,0,0,0,0,1,0,0,2,0,1,0,0,0,1,0,0,1,1,0,0,0,0,0,0,0,0,0,0,0,1,0.75,0,63039d74d60f645d
1,0,1,0,0,2,2,1,1,1,0,1,1,0,1,0,1,0,0,0,0,0,0,0,0,0,0,0,0,0,1,0,1,0,0,1,1,0.63,1,b6ced522eb1221f0
0,0,0,0,0,2,1,1,1,0,0,1,1,1,2,1,1,0,0,0,0,0,0,0,0,0,0,0,0,1,2,1,1,0,0,1,1,0.75,0,1d9f0cb08fdb67db
0,0,1,0,0,1,0,0,0,1,0,1,0,2,1,0,0,0,0,0,2,0,0,0,0,1,1,1,0,0,1,1,1,1,1,1,2,0.63,1,3433f6095113179e
0,0,0,1,0,1,0,1,1,0,0,1,0,1,1,0,1,1,0,0,1,1,0,1,0,2,1,0,0,0,0,0,0,0,0,1,1,0.65,0,773bf6b800acd2f3
0,0,0,0,0,0,1,0,0,0,1,1,0,0,1,0,0,1,0,0,2,0,1,1,0,0,0,0,0,0,0,0,0,0,1,0,1,0.75,1,bf305f419b2247d3
2,0,2,0,0,1,1,1,0,1,0,0,0,0,1,0,0,0,0,0,0,0,0,0,0,1,1,0,0,1,2,1,2,0,0,1,0,0.4,0,54f15b1685c9d929
0,0,0,0,0,1,1,0,0,1,0,0,0,1,1,0,1,1,0,1,1,0,0,0,0,0,1,0,1,0,1,0,1,0,0,0,0,0.75,0,90df3164598189ee
0,0,1,1,0,1,2,0,1,1,1,1,1,2,2,1,1,0,0,0,1,0,1,0,0,0,2,1,0,0,1,0,0,2,2,1,1,0.53,0,fb8dd921d9bdd87a
1,0,0,0,0,0,0,0,1,2,1,1,1,0,0,0,0,0,0,0,0,0,0,0,0,1,1,1,0,0,0,0,0,0,0,0,1,0.75,1,97d65c0874d38e25
1,0,0,1,0,0,1,0,0,1,0,0,0,0,0,0,0,1,0,2,2,1,1,2,1,0,0,0,0,0,2,1,1,0,0,1,2,0.65,1,9e6a369d579d37d0
2,0,0,0,0,2,1,0,0,0,0,0,0,1,0,0,0,1,0,0,1,0,1,1,1,1,1,0,0,0,1,1,1,0,0,1,1,0.75,1,53807020b8a30a9d
0,0,0,0,0,1,1,0,0,0,1,1,1,1,1,0,0,0,0,0,1,0,0,0,0,0,1,1,0,0,1,0,1,0,1,0,2,0.75,1,713843d27140fad3
1,0,0,0,0,0,1,0,0,0,0,1,0,0,0,0,0,1,0,1,1,0,1,0,0,0,2,1,1,1,1,0,1,0,1,0,1,0.75,1,10dbe187166667ca
1,0,0,0,0,1,0,0,0,0,0,0,0,1,1,0,1,0,0,0,0,0,0,1,1,0,0,0,0,1,1,0,1,0,0,0,0,0.75,0,7c193cf0b09effc0
0,0,1,0,0,1,1,0,1,0,0,1,0,0,0,0,0,0,0,0,0,1,1,2,0,0,0,1,0,0,1,0,0,1,0,1,0,0.63,1,2856414cba21cbc6
2,0,0,0,0,0,0,0,0,0,0,0,0,2,2,0,0,0,0,0,1,0,1,1,0,0,0,1,0,0,1,0,0,0,0,1,1,0.75,1,985573ca20fad73f
0,0,0,0,0,0,0,0,1,0,0,0,0,2,2,0,1,0,0,0,0,0,1,1,0,0,1,0,0,0,1,0,1,0,1,0,2,0.75,1,377facd4600fb7fe
0,0,0,0,0,1,0,0,0,0,0,1,1,1,1,0,0,0,0,1,2,0,0,0,0,0,1,0,0,1,1,0,0,0,1,1,1,0.75,1,b155638dbb9d41fa
1,0,1,0,0,0,1,0,0,0,0,1,1,2,2,1,1,2,1,1,1,0,0,1,0,1,1,0,0,0,2,1,1,0,1,0,2,0.63,0,b8f650f85be07111
1,0,0,0,0,1,1,0,0,1,2,2,0,1,0,0,0,1,0,0,1,0,0,0,0,0,0,0,0,0,0,0,0,1,0,0,1,0.75,1,1e805542eabac2fe
1,0,0,0,0,1,1,0,1,0,0,0,0,0,1,0,0,0,0,0,1,0,1,1,0,0,0,0,0,0,0,0,0,0,0,0,2,0.75,1,2afd108fe799dd49
0,0,1,1,0,1,0,0,1,1,0,0,0,0,1,0,1,0,0,0,0,0,0,1,0,1,2,2,1,0,0,0,0,0,0,0,1,0.53,1,3535b17de422575c
1,0,0,0,0,1,0,0,0,0,0,1,0,1,1,0,1,1,0,0,1,0,0,0,0,0,1,0,0,0,1,0,0,0,1,0,1,0.75,0,3dbdcd09c60df68f
0,0,1,0,0,0,0,1,1,1,1,1,1,1,1,0,0,0,0,1,2,0,0,0,0,1,1,0,0,0,1,1,2,0,0,1,1,0.63,0,83f20709ec9f741e
0,0,0,0,0,0,1,0,1,1,0,1,0,1,1,0,0,0,0,1,2,0,0,0,1,0,0,0,0,0,1,1,1,0,0,1,1,0.75,0,bf0215b57d01476c
0,0,0,0,0,0,0,0,0,0,0,1,1,0,1,0,0,0,0,0,1,1,0,1,0,1,1,1,1,0,0,0,0,0,0,0,2,0.75,1,3b47e2d8a0f8a29b
0,0,0,0,0,1,0,0,1,0,0,0,0,1,2,1,1,0,0,1,1,1,2,1,0,0,0,0,1,0,0,0,0,0,0,0,1,0.75,1,47c3b6fea8674af7
0,0,0,0,0,1,1,0,1,2,1,1,0,0,0,0,0,0,0,0,0,0,0,0,0,1,1,0,0,0,1,0,1,0,1,1,0,0.75,0,26f744ac5695ee47
0,0,1,1,0,1,0,0,1,1,1,1,1,1,1,0,0,0,1,0,1,0,0,0,0,1,1,1,1,0,1,2,2,0,0,1,0,0.53,0,d7b805333314fc3b
0,0,0,0,0,1,2,1,2,1,0,1,0,0,0,0,1,1,0,0,1,0,0,0,0,1,2,1,1,0,0,0,0,0,1,0,1,0.75,1,5f40b634b1620c1e
0,0,1,0,0,0,0,0,0,1,0,0,0,1,2,1,1,1,1,1,2,0,0,1,0,0,0,0,0,1,2,1,1,1,1,0,2,0.63,1,e3ccd417ecea724a
0,0,0,0,0,0,0,0,0,1,1,1,2,0,0,0,0,0,0,0,1,1,1,1,1,1,1,1,1,0,1,1,1,0,1,0,1,0.75,1,3d89362003e0af83
1,0,0,0,0,1,1,0,0,1,0,0,1,1,1,0,0,1,0,0,1,0,0,0,0,0,1,1,0,0,2,0,2,0,1,1,1,0.75,1,47ba56525aafd550
0,0,0,0,1,1,1,0,0,1,1,1,0,1,1,1,0,0,0,1,2,0,0,0,0,1,1,0,0,0,1,1,1,0,0,1,1,0.75,1,bf21582ad092d396
0,0,0,0,0,0,1,0,0,1,1,0,0,0,1,0,1,0,0,1,0,0,1,1,0,1,0,0,0,0,1,0,0,0,2,0,2,0.75,1,185be089ed13ca13
1,0,0,0,0,0,0,0,0,0,0,0,0,1,1,0,0,1,0,1,1,0,0,1,0,0,0,1,0,0,1,0,1,0,1,1,1,0.75,1,a3c6d9cc2780daa4
1,0,0,0,0,1,1,0,0,0,0,1,1,1,1,0,0,1,0,0,0,0,0,1,0,1,1,0,1,0,2,2,1,0,0,0,1,0.75,1,2d79a1ee63c9d208
0,0,1,0,0,0,0,0,0,1,1,1,1,1,1,0,0,0,0,0,0,0,0,0,0,1,1,0,0,0,0,0,1,0,0,0,2,0.63,1,4971ed84d3cb4b2a
1,0,0,0,1,1,1,0,1,0,0,0,0,1,1,0,0,0,0,0,0,0,0,0,0,0,1,1,0,0,2,1,2,0,0,1,2,0.75,1,7f7cbf7d609dafe9
1,0,2,1,0,1,1,0,0,0,0,1,1,0,0,0,2,1,0,0,1,1,0,1,0,1,1,0,0,1,1,1,0,0,0,1,2,0.3,0,8be5ce5b682a249e
1,0,0,0,0,1,1,1,0,0,0,0,1,1,0,0,0,1,0,1,1,0,0,1,0,2,2,2,1,0,0,0,0,0,1,1,1,0.75,0,cfcbfe58e546dc59
0,0,0,0,0,1,1,0,1,1,0,1,1,1,1,1,1,1,0,0,1,0,0,0,1,0,1,0,0,0,0,0,1,0,1,0,0,0.75,1,4186a331e1139a9f
1,0,0,0,0,0,0,0,1,1,0,0,0,0,0,0,0,1,1,0,1,0,0,0,0,1,1,0,0,0,1,1,1,0,0,0,0,0.75,1,3211c805e0eff520
0,0,0,0,0,0,1,0,0,0,0,0,0,1,1,0,1,0,0,0,0,1,2,2,1,2,1,1,1,0,2,1,1,0,0,1,2,0.75,0,a9d0e49c9fa898a5
0,0,0,0,0,0,1,0,1,0,0,1,1,1,0,0,0,1,2,0,1,0,0,1,1,0,1,1,2,0,1,0,0,1,0,0,2,0.75,1,5b702271de9e1414
1,0,1,1,0,0,0,0,0,0,0,0,0,0,1,0,1,1,1,1,2,0,0,0,0,1,1,1,1,0,0,0,0,0,0,1,1,0.53,0,8af22056c0501893
2,0,0,0,0,2,2,0,2,0,0,0,1,1,1,0,1,0,1,2,2,0,0,1,0,0,0,0,0,0,2,1,0,0,1,1,1,0.75,0,c64b71ab0aeb6adf
1,0,0,0,0,1,1,0,1,0,0,2,1,0,1,0,0,1,1,0,1,0,0,0,0,2,2,1,1,0,1,0,0,0,1,0,2,0.75,1,33660fdfdd47ae65
1,0,0,0,0,0,0,0,0,0,0,1,2,0,0,0,0,1,0,0,0,0,0,1,0,0,0,0,0,1,2,1,2,0,0,1,0,0.75,1,210fc8693fbb0412
2,0,0,0,0,1,2,1,0,0,0,1,0,2,2,1,2,0,0,0,0,0,1,1,2,0,2,1,1,0,1,0,0,1,1,1,1,0.75,1,7463c2bfba6d6af1
0,0,0,0,0,1,1,0,1,1,1,1,2,1,1,0,2,2,1,1,2,0,1,2,1,0,1,0,0,1,1,1,0,0,1,0,2,0.75,0,0648a6fcf2ffbff6
1,0,1,0,0,2,2,1,1,1,0,1,1,1,1,0,1,2,0,0,0,0,1,1,1,1,1,0,0,0,0,0,0,0,1,1,1,0.63,1,117dd4482f269caa
1,0,0,0,0,0,0,0,0,1,0,1,0,1,2,0,1,0,0,0,0,0,0,0,0,0,0,1,0,1,2,1,1,0,1,0,1,0.75,1,12e01af63ab68c0f
1,0,0,0,0,1,1,0,1,2,1,1,0,0,0,0,0,0,0,0,1,0,0,1,0,0,0,0,0,0,0,0,1,0,0,1,1,0.75,1,58171344ee94698f
1,0,0,0,0,1,1,0,1,0,0,0,0,1,1,0,0,1,0,0,0,0,0,1,0,0,0,0,0,0,0,0,0,0,0,1,1,0.75,1,26e5ea6701612158
0,0,1,0,0,1,2,1,1,0,0,0,0,0,1,1,1,0,0,0,0,0,0,1,0,0,0,0,0,0,1,0,0,0,1,1,2,0.63,0,7d9540e6a042236c
1,0,0,0,0,0,0,0,0,2,1,2,2,0,0,0,0,1,0,1,0,1,1,2,0,0,0,0,0,0,0,0,0,1,1,1,1,0.75,1,4d0c1e4a37570bd1
1,0,0,0,0,1,0,0,0,1,1,2,1,1,1,0,0,0,1,1,1,0,2,2,0,0,1,0,0,0,2,0,0,0,0,1,2,0.75,1,d8f4c840e02d2b13
0,0,1,0,0,2,2,1,1,0,0,1,0,2,1,0,1,1,0,1,1,0,0,0,0,2,2,2,1,0,1,0,0,0,0,1,0,0.63,1,e4e42314c6adf263
0,0,0,0,0,0,0,0,0,2,2,1,1,0,1,0,0,0,0,1,1,0,0,0,1,1,0,0,0,1,2,0,1,0,0,0,1,0.75,1,6e7a2776037847ef
1,0,1,0,0,1,1,0,0,1,0,1,1,2,1,0,1,0,0,0,0,0,1,1,0,1,1,1,0,0,0,0,0,1,0,1,1,0.63,1,32a5c695718415d3
1,0,0,0,0,0,1,0,1,1,0,1,0,1,1,1,1,0,0,0,1,0,1,0,0,0,1,0,1,0,1,0,0,0,0,1,0,0.75,0,a115e0828feeb6d0
2,0,1,0,0,1,1,0,1,2,1,1,1,2,2,0,1,1,0,0,2,0,0,0,0,0,1,0,0,0,0,0,1,0,0,1,1,0.63,0,6a004f0c9b2e8441
1,0,0,0,0,1,0,0,2,0,0,1,2,1,0,0,2,1,0,0,0,0,0,1,0,0,1,1,0,0,0,0,0,0,0,1,1,0.75,0,771b10536c4a19fb
0,0,0,0,0,2,1,0,0,1,2,0,1,2,0,0,1,0,0,1,2,0,0,0,0,0,0,0,0,0,2,1,1,1,1,1,2,0.75,1,064a9853bf7df2e3
2,0,0,0,1,2,1,0,0,0,0,0,0,2,1,0,0,1,0,0,1,0,0,1,0,1,0,1,0,1,1,1,1,1,0,0,0,0.75,1,e96714fddb3a4f2c
1,0,0,0,0,1,2,0,1,0,0,1,0,0,1,0,2,0,0,0,1,0,0,0,0,0,0,0,0,0,2,2,0,0,0,1,1,0.75,1,7805bc4b3036d854
0,0,0,0,0,1,0,0,0,2,1,2,1,0,1,0,0,0,0,0,1,0,0,0,0,2,2,0,0,0,0,0,0,1,1,0,1,0.75,0,e9b30c48f157e8dd
2,0,1,0,0,1,1,0,0,1,1,2,0,2,1,0,0,0,1,1,1,0,1,2,2,1,1,1,0,0,2,1,1,0,1,0,1,0.63,0,e3397a1b21c9dd90
0,0,0,0,0,1,1,0,1,1,0,0,0,0,1,1,1,0,0,0,0,0,1,2,2,1,1,1,0,0,0,0,0,0,0,1,2,0.75,1,3771f63440903ea7
1,0,0,0,0,0,0,0,1,1,0,1,0,0,0,0,0,0,0,0,0,0,1,1,2,1,2,2,2,0,1,0,1,0,0,1,2,0.75,1,168c44490f1c903d
0,0,1,1,0,0,0,0,0,0,0,0,0,1,1,0,1,1,1,1,2,0,1,2,0,0,0,1,1,0,1,0,0,0,0,1,2,0.53,0,b52930fbc72a887a
0,0,0,0,0,0,0,0,1,0,0,0,1,0,0,0,0,0,0,0,1,0,0,1,0,0,0,0,0,1,2,1,1,0,0,0,1,0.75,1,26e844712b171774
0,0,0,0,0,0,1,1,0,0,0,1,0,0,0,0,0,0,0,0,1,0,1,1,0,1,2,1,1,0,0,0,0,0,1,1,1,0.75,1,52156f0f4e356782
1,0,1,0,0,1,1,0,1,1,0,0,0,1,1,0,0,0,0,1,1,0,0,1,0,0,0,1,0,0,0,0,0,0,0,0,1,0.63,1,c11df5a19d3152d3
2,0,0,0,0,1,1,0,0,1,0,0,0,1,1,0,1,0,0,0,0,0,0,0,0,1,1,0,0,0,2,0,1,1,0,0,1,0.75,1,14fb02408d7ccc67
2,1,0,0,0,2,2,0,1,0,0,0,1,1,0,0,0,0,0,0,0,0,0,1,1,1,0,0,0,0,0,0,0,1,2,0,1,0.75,0,8ab0891ee6e42191
0,0,1,0,0,0,1,0,1,0,0,0,0,0,1,0,1,0,0,0,0,0,0,1,1,1,1,1,0,0,0,0,0,0,0,0,0,0.63,1,914315b1cdc33cd3
0,0,1,1,0,2,2,0,0,1,0,1,0,2,0,0,1,0,0,0,1,1,2,1,0,0,1,0,0,0,1,0,1,0,0,0,1,0.53,1,e03014425fd87f0e
1,0,0,0,0,1,1,0,1,1,0,0,0,2,2,1,1,0,1,0,1,1,1,2,0,1,2,1,0,0,1,0,0,0,1,1,1,0.75,0,c5e0f5d60dbed958
0,0,0,0,1,1,1,0,1,0,0,0,0,0,0,0,0,1,0,0,2,0,0,0,1,0,1,0,0,0,1,1,0,0,0,1,2,0.75,1,851affb6b1903347
1,0,2,1,0,1,1,0,0,1,0,0,0,1,0,0,0,2,1,1,2,0,0,0,0,0,1,1,0,0,1,0,0,1,1,1,2,0.3,0,64cb82038d6852b5
0,0,1,0,0,2,1,0,1,0,0,0,0,0,0,0,1,0,0,0,0,0,1,2,1,0,0,1,0,0,1,0,0,0,0,0,1,0.63,1,de45e41c7d8cd3ff
1,0,1,1,0,1,1,0,1,0,0,0,0,1,1,0,0,1,0,0,1,0,0,0,0,0,0,0,0,0,0,0,0,0,0,0,1,0.53,1,76e89eafcce3ee55
0,0,0,0,0,0,1,0,0,0,0,0,0,1,2,1,1,1,1,0,1,0,0,0,0,1,0,0,0,0,0,0,0,0,0,0,0,0.75,1,2dd4161cc90c8990
1,0,0,0,0,0,1,0,0,2,0,1,0,1,1,0,0,0,0,0,1,1,2,2,2,2,2,2,1,0,1,0,1,0,0,1,1,0.75,1,e789ba10a39843a4
1,0,1,0,0,0,1,0,0,2,1,2,1,2,2,1,2,0,0,0,0,0,1,2,0,1,1,0,0,0,1,0,0,0,0,0,1,0.63,1,95b6ad351257a2f3
0,0,1,0,0,0,1,0,0,1,1,1,0,1,1,0,0,0,0,0,1,0,0,0,0,0,0,0,0,0,0,1,1,0,0,0,2,0.63,1,75698984563aef5e
0,0,0,0,0,1,2,0,1,1,1,2,1,1,1,0,1,0,0,0,0,0,0,1,0,0,1,0,1,0,1,0,1,0,1,0,1,0.75,0,7de95f2d5ab3ef3d
0,0,0,0,0,1,2,1,2,1,0,2,1,2,1,1,1,1,0,1,2,0,0,0,0,0,1,0,0,1,0,0,0,0,0,0,1,0.75,0,749549b284c49232
1,0,0,0,0,1,2,0,1,1,0,0,0,1,1,0,0,1,0,0,2,0,0,0,0,1,0,1,1,0,1,0,1,0,1,1,0,0.75,0,9750d312bd9dde71
0,0,0,0,0,0,1,0,1,0,0,0,0,0,0,0,0,0,0,0,1,0,0,0,0,0,1,0,0,0,2,0,0,2,2,1,1,0.75,1,56a26abd05fc44f3
1,0,0,0,0,0,1,0,0,0,0,1,1,1,1,0,1,1,0,2,2,0,1,1,0,0,1,0,0,0,1,1,1,0,1,0,0,0.75,1,7cfc026b1148d130
1,0,0,1,0,0,1,0,0,2,2,2,1,1,1,0,1,0,0,0,1,0,0,0,0,0,0,0,0,0,1,0,0,0,0,1,1,0.65,1,cc0147829b36f051
0,0,1,0,0,1,2,0,1,0,0,1,1,0,0,0,0,0,0,0,0,0,0,0,0,1,1,1,0,0,0,0,0,0,0,1,1,0.63,1,cd5020482a8c5d94
0,0,1,0,0,0,1,0,0,1,1,2,1,2,1,1,0,1,0,0,0,0,0,1,0,0,0,0,0,0,1,1,0,1,0,1,1,0.63,1,cf54c05355bbbfcc
1,0,1,0,0,1,1,1,1,1,1,1,1,2,2,1,1,0,0,0,0,1,1,1,1,0,0,1,0,0,0,0,1,0,1,1,0,0.63,0,35d8f394cfc6a2e4
0,0,0,0,0,2,1,0,1,0,0,0,0,1,1,0,0,0,0,0,0,0,0,0,0,0,1,0,0,0,1,0,0,0,0,0,0,0.75,1,9b34171b3fcea201
0,0,0,0,0,0,0,0,0,2,1,2,1,0,1,0,2,0,1,0,2,1,0,1,0,0,1,0,0,0,0,1,0,0,1,0,2,0.75,0,47251966f2d2e119
1,0,0,0,0,2,1,0,0,1,0,0,0,0,1,0,0,0,0,0,1,0,0,1,1,1,1,0,0,0,0,0,0,0,0,1,0,0.75,1,83aa215fe2c97555
0,0,0,0,0,1,0,0,0,1,0,1,1,0,0,0,0,0,0,0,0,0,1,1,0,0,2,0,0,2,2,0,0,0,0,1,0,0.75,1,3ab594bbd5f44fc2
1,0,0,1,0,1,1,0,1,0,0,0,0,0,0,0,0,1,0,1,0,0,0,1,1,0,1,1,1,0,0,0,0,0,1,1,2,0.65,1,160c2455cb2d796e
0,0,0,0,1,0,0,0,0,0,1,1,1,2,1,0,0,1,0,0,1,1,1,1,0,1,1,1,0,0,1,0,1,0,1,0,2,0.75,1,fb5c5e913addd4cb
1,0,0,0,0,1,1,0,0,1,1,1,1,0,0,0,0,0,0,0,0,0,1,1,0,0,0,0,0,0,1,0,0,0,0,0,0,0.75,1,5ca3cc567629897e
1,0,0,0,0,1,0,0,0,1,0,0,0,0,0,0,0,1,0,1,1,0,0,1,0,0,0,0,0,0,1,0,1,0,1,0,1,0.75,1,b0f9f69a54716a83
0,0,2,1,0,0,0,0,1,1,1,2,2,0,0,0,0,0,0,0,1,0,0,1,1,0,1,1,0,0,1,0,1,0,0,1,1,0.3,0,1a9ad96541ec25ce
1,0,2,1,0,1,1,0,0,0,0,0,0,2,2,0,1,0,0,0,1,0,0,1,0,1,2,1,0,0,1,1,0,0,1,1,2,0.3,1,f400ad8020b4966f
1,0,0,0,0,0,1,0,0,1,0,0,0,0,1,0,0,1,0,0,1,0,0,1,0,0,0,1,0,0,0,0,0,0,1,1,0,0.75,1,749f2a4739ca57c2
0,0,0,0,0,1,1,0,1,0,0,0,0,1,0,0,0,0,0,0,1,1,1,1,1,0,1,0,0,0,2,0,1,0,0,0,1,0.75,0,990e53b9e0ba5746
1,0,0,0,0,0,0,0,0,1,0,0,0,1,1,0,1,0,0,0,1,0,0,1,1,0,2,1,0,0,0,0,0,0,0,1,2,0.75,1,343c9288b0a9b851
0,0,0,0,0,0,1,0,0,0,0,0,0,1,0,0,0,0,0,0,1,0,1,0,0,0,0,0,0,0,1,1,0,0,0,0,2,0.75,1,c030fbdd9efafdf8
2,0,0,0,0,0,1,1,0,0,0,1,1,1,0,0,0,1,0,0,1,0,1,1,0,0,1,0,0,1,1,1,1,0,1,0,1,0.75,1,239d87df93fbe05e
2,1,1,0,0,0,1,0,0,0,0,0,0,0,0,0,0,0,0,0,0,0,1,1,0,0,0,0,0,1,1,1,0,0,0,1,1,0.63,1,11366a83fd8a42fa
0,0,1,0,0,1,1,0,1,0,0,2,0,1,1,0,0,0,0,0,2,0,1,1,0,0,0,0,0,1,0,0,0,1,0,1,0,0.63,1,05ac503f570feff1
2,0,0,0,0,1,2,0,0,0,0,0,0,1,1,0,0,0,0,0,0,0,0,1,1,0,1,1,1,0,0,0,0,1,0,1,1,0.75,0,7d0f5cc4191292d9
0,0,0,0,0,2,2,1,2,1,0,0,1,1,1,0,0,0,0,0,1,0,1,0,0,1,2,2,0,0,0,0,0,0,1,1,1,0.75,0,87a7c8ca35696cb0
1,0,0,0,0,0,0,0,0,0,0,0,0,1,1,1,1,0,0,0,1,0,0,0,0,0,1,0,1,0,0,0,0,0,0,1,1,0.75,1,85b5b7d448d438d4
1,0,0,0,0,1,0,0,0,2,0,0,1,1,2,0,1,1,0,0,1,0,0,0,0,1,1,0,0,0,0,0,0,0,2,0,1,0.75,1,49aefa4d527f8a7f
0,0,0,0,0,1,1,0,0,0,0,0,0,0,1,0,0,1,0,1,1,0,0,1,1,0,1,1,0,0,0,0,0,0,1,1,2,0.75,1,882638e03155a1e1
1,0,1,0,0,0,1,0,1,0,0,0,0,1,1,0,0,2,0,1,1,0,1,0,1,0,1,0,0,1,1,2,1,0,1,1,2,0.63,1,acaf2ceed36d0e1c
1,0,0,0,0,0,0,0,0,1,0,1,1,1,0,0,0,2,0,0,1,1,0,1,1,1,2,1,0,0,0,0,0,0,0,0,1,0.75,1,ebf103bf33854b78
1,0,2,1,0,1,0,0,0,0,0,1,1,2,1,1,0,1,0,0,1,0,1,1,1,1,1,1,0,0,0,0,0,0,1,0,1,0.3,1,253f90320bc211e7
1,0,1,0,0,0,1,0,0,0,0,0,0,2,2,1,1,1,0,0,1,0,1,2,1,0,0,1,0,0,0,0,0,0,1,1,1,0.63,1,0b910b382daa9173
0,0,0,0,0,2,2,0,1,2,0,1,2,1,2,0,0,1,0,0,1,0,1,1,0,1,2,2,1,0,0,0,0,0,1,0,1,0.75,1,deeb0a2a1ea7c247
1,0,0,1,0,1,1,0,1,1,0,1,1,0,0,0,0,0,0,0,0,0,0,0,0,0,1,0,0,1,0,1,1,0,0,0,1,0.65,0,76097fd5c25bb82f
0,0,0,0,1,0,0,0,0,1,1,0,1,1,2,1,1,1,1,0,1,0,0,1,1,1,1,0,0,0,0,0,0,0,0,0,1,0.75,0,a99b2c40ed9363ea
0,0,1,0,0,0,1,0,1,2,2,2,1,0,0,0,0,0,0,0,0,0,0,0,1,0,0,0,0,0,0,1,0,0,1,0,1,0.63,1,a76ef4f9a2882a69
1,0,0,0,0,1,2,1,1,1,0,1,0,0,0,0,0,1,0,1,1,0,0,0,0,0,1,1,0,0,0,0,0,0,1,1,2,0.75,1,60a5fac1d5f3cd15
2,0,0,0,0,0,0,0,1,1,0,1,0,0,1,0,0,1,0,0,1,0,0,1,0,0,0,0,0,0,1,0,0,1,1,0,2,0.75,1,938a70ef02b93b6d
1,0,0,0,0,0,0,0,1,0,0,1,0,1,1,0,0,0,0,0,1,1,0,1,1,1,1,2,1,1,1,0,0,0,1,1,1,0.75,1,8aa0411d08f04138
1,0,0,0,0,1,1,0,0,1,1,0,1,0,1,0,1,0,0,0,0,0,0,0,0,1,1,1,0,0,0,0,0,0,0,0,1,0.75,1,593ec833cac0e1bb
1,0,0,0,0,0,0,0,0,0,0,1,0,2,2,1,1,0,0,0,1,0,0,0,0,0,2,2,1,1,1,1,1,0,0,0,0,0.75,1,f5965737fb00c28f
1,0,0,0,0,1,1,0,0,0,0,0,0,0,0,0,0,1,0,0,0,0,0,2,0,0,0,0,0,0,1,0,0,0,0,1,2,0.75,1,f15c7b9c1afa0c0f
0,0,1,2,0,1,1,0,1,0,1,0,0,1,2,0,0,1,0,0,1,0,1,1,1,0,0,0,0,0,1,0,1,0,0,1,1,0.38,1,7abd0e3126fec553
0,0,0,0,0,0,1,0,1,1,1,1,0,1,1,0,1,0,0,0,0,0,1,2,1,1,1,0,1,0,1,0,1,1,2,0,2,0.75,1,b4778a756d69fbb2
0,0,0,1,0,1,1,0,0,1,1,1,0,1,1,0,1,1,1,1,2,1,1,1,2,1,1,0,0,0,1,0,0,0,0,0,0,0.65,0,27981f6afd1c500e
1,0,0,0,0,0,1,0,0,1,1,1,0,1,1,0,0,1,1,1,0,0,2,0,0,0,1,0,0,0,2,0,0,0,0,1,2,0.75,0,77d2e2fb4980b43b
0,0,0,0,0,1,2,1,1,0,0,1,2,2,2,0,1,0,0,0,0,0,0,0,0,0,0,0,0,0,0,0,0,0,1,0,2,0.75,1,a00f619b7ab0857c
1,0,0,0,0,0,0,0,0,2,1,1,2,1,1,0,1,1,0,0,1,0,2,2,1,1,1,0,0,1,1,0,2,0,1,0,0,0.75,1,022839a1d64f07f1
0,0,0,0,0,1,1,0,1,2,0,1,1,1,0,0,1,0,0,0,0,0,0,0,0,0,1,0,0,0,0,0,0,1,2,0,1,0.75,1,a677a90bbed4d989
0,0,0,0,0,0,0,0,0,0,1,1,0,1,0,0,0,0,0,0,1,0,1,1,0,1,1,0,0,1,1,1,0,0,0,1,1,0.75,0,9cbab4048f6d86a9
1,0,0,0,0,2,1,0,1,1,0,0,0,1,1,0,1,0,0,0,1,0,0,0,0,0,2,0,1,0,1,0,1,0,0,1,1,0.75,1,2d7b07ceb0512a82
0,0,1,0,0,1,2,0,0,1,0,1,1,0,0,0,1,0,0,0,0,0,0,0,0,0,1,0,0,0,0,0,0,0,0,0,1,0.63,1,05c45acd3f38f22e
1,0,1,0,0,1,1,1,2,0,0,0,0,0,0,0,0,1,0,2,2,0,0,0,0,0,0,0,0,0,1,1,1,1,0,1,1,0.63,1,f73bd522f6656506
2,0,1,1,0,0,0,0,0,0,0,0,0,0,0,0,0,1,0,0,2,0,1,2,1,0,2,1,0,0,2,1,1,0,0,0,1,0.53,0,ba257801828069b5
0,0,1,1,0,1,1,0,1,0,0,1,1,0,1,0,0,0,0,0,0,1,1,1,0,0,0,1,0,0,1,0,1,0,0,1,1,0.53,1,4af4d323019795ec
1,0,1,1,0,2,1,1,1,2,1,1,1,0,1,0,1,0,0,0,0,0,0,1,0,0,1,0,0,0,1,1,2,0,0,0,2,0.53,1,ca5e94a5f559143b
0,0,1,2,0,0,1,0,1,1,1,2,2,1,1,0,1,0,0,1,2,0,0,0,0,0,2,1,1,1,1,1,0,0,0,1,0,0.38,0,a4acf0c9ef4930a0
1,0,0,0,0,1,1,0,1,1,0,1,1,0,0,0,0,0,0,0,0,0,0,0,0,0,0,0,0,1,2,1,0,0,1,1,1,0.75,1,8890906001a0ed13
2,0,0,0,0,1,2,0,0,2,0,0,1,0,0,0,0,0,0,1,1,1,1,1,0,1,2,0,0,0,0,0,0,0,0,0,1,0.75,0,b5a51e07767af825
2,0,1,0,0,0,0,0,1,1,1,1,1,2,1,0,1,0,0,0,1,0,1,1,0,2,1,0,0,1,2,1,0,0,0,0,1,0.63,1,99d6a8594daaf949
0,0,1,1,0,1,0,0,0,1,0,1,1,1,0,0,0,1,0,0,1,0,0,0,0,1,0,0,0,1,2,0,1,1,0,0,1,0.53,1,27eedde604d408d7
0,0,0,0,0,0,0,0,1,0,1,0,0,0,1,1,1,0,0,0,0,0,0,0,0,0,1,0,0,1,2,1,1,0,0,0,0,0.75,1,924c1e03081532c9
0,0,0,0,0,1,0,0,0,0,1,1,1,0,0,0,0,0,0,0,1,0,0,0,0,1,0,0,0,0,1,0,0,1,1,0,1,0.75,1,510316f3e0eecadd
0,0,0,0,0,1,0,0,0,1,2,2,1,0,0,0,0,0,0,1,1,0,0,0,0,1,1,2,1,1,1,0,0,0,1,0,2,0.75,1,1c05aca968beb323
1,0,0,1,0,1,2,1,2,1,1,0,2,0,0,0,1,0,0,0,0,0,2,2,1,0,0,0,0,0,1,1,0,0,1,1,0,0.65,1,e76c03a45863e106
1,0,0,0,0,1,2,1,2,0,0,1,2,0,0,0,0,1,1,0,1,0,0,0,0,0,0,0,1,0,1,0,0,0,0,0,2,0.75,1,2c74f7750c260e96
0,0,1,1,0,0,0,0,0,0,0,0,1,0,1,0,1,0,0,0,1,0,0,1,0,1,1,1,0,0,1,0,0,0,0,0,1,0.53,1,50c19f4383c0931f
0,0,2,0,0,1,0,0,0,0,0,0,0,1,2,0,0,0,0,0,0,0,0,0,0,1,2,0,0,0,2,0,0,0,0,1,1,0.4,1,3aa8c569f787f95b
0,0,1,0,0,1,1,0,0,1,0,1,2,0,1,0,1,1,0,1,2,0,0,1,1,0,0,0,0,1,2,1,2,0,1,1,0,0.63,1,10badf4627ecb426
2,0,0,0,1,0,0,0,1,0,0,0,0,1,1,0,0,0,0,0,0,0,1,2,0,0,0,0,1,0,0,0,1,0,0,0,1,0.75,1,89c0d784522f26ad
0,0,0,0,0,1,0,0,1,0,1,0,1,1,1,0,0,1,0,0,0,0,0,0,0,1,1,2,0,0,1,1,1,0,0,0,2,0.75,1,628ee87cd8efd406
1,1,0,0,0,0,1,0,0,1,0,0,0,2,2,2,1,1,1,0,0,0,1,0,0,1,1,1,0,1,1,0,0,0,0,0,2,0.75,1,b578c3ec914ee8aa
2,0,1,0,0,1,1,0,0,0,1,1,0,0,0,0,0,1,0,1,1,0,0,1,0,0,1,0,0,0,0,0,1,0,0,0,2,0.63,1,bc8e95de7e9fa13e
0,0,0,0,0,0,0,0,0,0,0,0,0,0,0,0,0,0,0,0,1,0,0,1,0,1,0,0,0,1,2,2,2,0,0,0,2,0.75,1,f1fc45b38ef6a53d
0,0,0,0,0,0,0,0,0,1,0,0,0,0,1,0,0,0,0,0,0,0,0,0,0,1,2,1,0,0,0,0,0,0,0,1,2,0.75,0,a8568ed9cb250b85
1,0,0,0,0,0,0,1,0,0,0,0,0,0,1,0,0,0,0,1,1,0,0,1,0,1,1,1,0,0,2,1,0,0,0,1,2,0.75,1,b1ce4782f34f4c42
0,0,0,0,1,0,2,0,1,0,0,2,0,0,0,0,0,0,0,0,0,0,0,1,0,0,1,0,0,1,1,0,1,0,1,1,2,0.75,0,ec826eec42192bb8
0,0,1,1,0,0,0,0,0,0,1,0,0,0,0,0,0,0,0,0,0,0,0,1,0,0,0,0,0,1,2,0,0,0,0,1,2,0.53,0,ec0fcbf00af15fa1
0,1,0,0,0,1,1,1,2,2,1,1,1,0,2,0,1,0,1,0,2,0,0,0,0,1,0,0,0,0,0,0,0,2,2,0,1,0.75,0,dcd50228c45ac5e6
0,0,0,0,0,0,0,0,0,0,0,0,0,1,0,0,0,0,0,0,0,0,1,2,0,0,0,0,0,0,1,0,0,0,1,0,1,0.75,1,f9ee18a82840e6d5
0,0,0,0,0,1,0,0,0,0,0,0,0,1,1,0,0,1,0,0,2,0,0,1,0,0,0,0,0,0,2,0,1,1,1,1,1,0.75,1,20b8e75a4798eb0c
2,0,0,0,0,0,0,0,0,0,0,1,0,0,0,0,1,2,1,1,2,0,0,0,0,0,1,1,0,0,0,0,0,0,0,1,2,0.75,1,64b1ea5beaafb5af
1,0,0,0,0,1,0,0,0,1,1,1,2,0,1,0,0,1,0,0,1,0,1,1,1,0,0,0,0,0,0,1,0,0,0,0,0,0.75,1,bdee29f0cd95041a
0,0,0,0,0,1,1,0,1,1,1,2,2,2,1,0,1,1,1,2,2,0,1,0,0,0,1,0,0,0,1,0,0,1,2,1,2,0.75,0,7c6b48d91cb781d2
0,0,0,0,0,1,2,0,1,1,0,0,0,0,1,0,0,0,0,1,0,0,0,0,0,1,2,2,1,1,0,0,1,0,1,0,1,0.75,0,0a9f77b17fa9ae68
1,0,1,0,1,1,1,0,0,0,0,0,1,1,2,0,0,0,2,2,1,0,1,0,1,0,1,0,0,0,0,0,0,0,1,1,2,0.63,1,da9648569f2015b4
0,0,1,0,0,1,2,0,2,0,0,0,1,1,2,0,1,1,0,1,1,0,0,0,0,0,1,0,0,0,2,0,0,0,0,0,2,0.63,0,f7e0c269df8cb159
2,0,0,0,0,2,1,0,1,0,0,0,1,0,2,0,0,0,0,0,0,2,1,1,1,2,2,1,0,0,0,0,0,0,0,1,2,0.75,1,6e820a2c8283ab8e
0,0,1,0,0,0,2,0,1,0,1,0,1,2,2,1,0,0,0,1,0,0,0,0,0,1,2,1,1,0,1,0,0,0,0,0,2,0.63,1,da020c72ae4c906d
0,0,1,0,0,0,1,0,0,2,1,1,1,1,2,0,1,0,0,0,0,0,1,1,0,0,0,0,0,0,0,0,1,0,0,1,0,0.63,0,2d3bf46cb97ba161
0,0,0,0,0,0,0,0,0,1,1,1,1,1,0,0,0,0,0,0,2,0,0,0,0,0,1,0,0,0,0,0,0,0,1,0,1,0.75,1,5ff121a42d03d40b
1,0,0,0,1,0,0,0,0,0,0,1,1,0,0,0,0,0,0,0,1,0,0,0,0,0,0,0,0,0,1,0,1,0,0,1,0,0.75,0,49b5809d2adf74a6
0,0,0,0,0,0,1,0,0,1,0,0,0,0,1,1,1,0,0,0,0,0,1,0,0,0,1,0,0,0,2,1,1,1,1,1,1,0.75,1,0a438df8d1c1cab8
1,0,0,0,0,0,0,0,1,0,0,0,1,0,0,0,0,1,0,1,0,0,0,0,1,2,2,1,1,0,2,0,1,0,0,0,2,0.75,0,c8579cd758a85fb9
0,0,1,0,0,0,0,0,0,1,0,1,1,1,0,0,0,0,0,0,0,0,0,0,0,0,1,1,1,0,1,0,1,0,0,1,2,0.63,1,99ece4c6e6dc702a
0,0,0,0,0,1,1,0,1,0,0,1,0,0,1,1,1,0,0,0,0,0,0,0,0,0,1,0,0,0,2,1,1,0,1,1,1,0.75,1,558b3ebe1db618ce
2,0,0,0,0,1,0,0,0,0,1,1,1,2,1,0,1,0,0,0,0,1,0,0,0,1,1,1,1,0,0,0,0,0,0,1,0,0.75,1,dc16d40ed961e22c
1,0,1,1,0,0,1,0,0,1,0,1,0,0,1,0,1,1,1,0,0,0,0,0,0,1,2,1,2,0,0,0,0,0,0,1,1,0.53,0,ab55449904ecf69a
0,0,0,0,0,1,1,0,0,1,0,0,0,0,1,0,0,0,0,0,0,0,0,0,1,1,1,1,0,0,0,0,1,0,0,1,0,0.75,1,33d505c36bd32511
0,0,0,0,0,0,0,0,0,0,0,1,0,0,0,0,0,1,0,1,1,0,0,2,1,0,0,0,0,0,0,0,0,0,0,0,1,0.75,0,9f97ff7103782c56
1,0,0,0,0,2,1,0,0,0,0,1,0,2,2,0,1,0,0,0,0,0,0,1,1,1,1,1,0,0,0,0,0,0,0,1,1,0.75,0,0e00fd8d4ae18111
1,0,0,0,0,1,2,0,1,1,0,0,2,1,1,0,1,1,1,1,2,1,1,1,1,0,0,0,0,0,0,0,0,0,0,0,2,0.75,0,09972eb7f1e959c9
2,0,1,1,0,1,1,0,0,1,0,0,0,1,0,0,0,1,1,0,1,0,0,1,0,0,2,1,0,0,1,0,0,0,0,0,2,0.53,0,613cd919fad698c1
0,0,1,0,0,0,1,0,0,2,0,1,2,1,1,0,0,0,0,0,1,0,0,0,0,2,2,0,0,0,1,0,0,0,0,1,0,0.63,0,4e6b58ddceb9a06f
0,0,0,0,0,2,1,1,2,1,0,1,1,1,1,0,0,0,0,1,0,0,0,0,0,0,0,1,1,0,1,0,2,0,0,0,1,0.75,1,56f73732344daaa2
1,0,1,0,0,0,0,0,0,1,0,1,1,0,1,0,0,0,0,0,2,1,1,0,0,0,0,0,0,1,1,1,1,0,0,0,1,0.63,1,376f8f5190703bf1
1,0,1,0,0,1,1,1,1,1,0,1,0,0,0,0,1,0,0,0,1,0,0,0,0,0,0,0,0,0,0,0,0,0,1,0,2,0.63,1,5194f3c2deccc8db
0,0,0,0,0,1,0,0,1,1,0,1,1,0,0,0,0,0,0,0,1,0,0,0,0,1,1,1,0,0,0,0,0,1,1,1,2,0.75,0,70948727f684a8fb
2,0,0,0,0,0,0,0,0,0,0,0,0,1,2,0,0,0,0,0,1,0,0,2,0,1,0,0,0,1,2,1,1,0,0,1,0,0.75,0,839172e31fc9508a
1,0,0,0,0,0,0,0,1,0,0,0,0,1,1,0,1,1,0,0,1,0,1,1,1,0,0,0,0,0,0,1,0,1,1,1,1,0.75,0,260a1b5e49227ae5
0,0,0,0,0,0,1,0,1,0,0,0,0,0,1,0,0,0,0,0,0,0,0,1,1,1,1,1,0,0,0,0,0,0,0,0,2,0.75,1,858f03ef6b167e66
1,0,0,0,0,1,2,0,0,0,0,0,0,1,2,0,0,1,0,0,0,0,1,2,1,1,1,1,0,2,2,1,2,0,0,0,0,0.75,1,d898b561c06cf799
0,0,1,0,0,1,1,1,1,0,0,0,1,0,1,0,1,0,0,0,1,0,1,2,0,1,1,0,0,0,1,0,0,1,0,0,2,0.63,1,d70c6bb968a3962b
2,0,0,0,0,1,1,0,0,1,1,1,1,2,2,0,1,1,0,0,0,0,0,0,1,0,2,1,0,0,1,0,0,0,0,1,1,0.75,1,31949cfa7a9daec8
1,0,0,0,0,1,1,1,0,1,1,0,1,0,0,0,0,0,0,0,0,0,1,1,0,0,1,0,0,0,0,0,0,0,0,0,2,0.75,1,914b099c5aa26d66
2,1,1,0,0,0,1,0,1,0,0,0,1,0,1,0,0,0,0,0,0,1,1,1,1,1,1,0,1,1,2,0,0,0,0,1,1,0.63,1,522a8527862d893d
0,0,0,0,1,0,0,0,1,0,0,0,0,1,1,1,0,1,0,0,1,0,1,2,1,0,0,1,0,0,1,0,0,1,1,0,2,0.75,1,6ab876b7b90f43ba
1,0,0,0,0,0,0,0,1,0,0,1,1,0,1,0,0,0,2,1,1,0,1,1,1,0,2,0,0,0,2,1,0,0,0,1,2,0.75,0,78d348dc747d56e2
0,0,0,0,0,0,0,0,0,1,1,2,2,1,1,0,0,1,0,0,0,0,0,1,1,0,0,0,0,0,0,0,0,0,1,0,1,0.75,1,1875eb3383b8fec2
1,0,0,0,0,0,2,0,1,0,0,0,0,0,0,0,0,1,1,1,2,0,1,1,2,0,0,0,0,1,1,0,0,0,0,0,1,0.75,1,236f7ec49c1dd8eb
1,0,0,0,0,1,0,0,1,1,0,1,1,0,1,0,1,1,0,0,0,0,0,0,0,0,0,0,0,1,1,1,0,0,0,1,1,0.75,0,39375ac2fea178f9
0,0,1,1,0,0,1,0,1,0,0,0,0,0,1,0,0,0,0,1,1,0,1,1,0,1,1,1,0,0,1,0,1,0,1,1,1,0.53,1,3cbb9d4a9875e151
1,0,0,0,0,1,1,1,1,1,1,1,0,1,1,0,0,1,0,1,0,0,1,1,0,1,0,0,0,1,1,0,0,0,0,0,1,0.75,0,d8739e450ffa243a
0,0,0,0,0,1,0,0,0,0,0,0,0,0,1,0,0,0,1,2,1,0,0,1,0,0,2,1,1,0,1,1,0,1,0,1,1,0.75,1,a13f10f8db45c8fc
1,0,0,0,0,0,0,0,0,0,0,0,0,1,0,0,0,1,0,0,0,0,0,0,1,1,2,1,1,0,1,0,0,0,0,0,1,0.75,1,7a7d129dcec69516
1,0,0,1,0,1,1,0,1,2,0,1,0,1,0,0,0,0,0,0,0,0,1,1,0,0,1,1,0,0,0,0,0,0,1,0,2,0.65,0,1de2b37058eda23f
0,0,1,1,0,0,0,0,2,1,1,1,0,1,0,0,1,0,0,0,0,0,1,1,0,0,1,1,1,1,0,0,1,0,0,0,0,0.53,0,9a890b18ded84059
0,0,0,0,0,1,1,0,0,2,1,2,1,1,1,0,1,0,0,0,0,0,0,1,1,0,1,0,0,0,1,0,0,0,0,1,1,0.75,0,03d42a8177092bdd
0,0,0,1,0,1,1,1,2,0,1,1,1,1,1,0,0,0,0,1,2,0,0,0,1,0,0,0,0,1,2,2,1,0,0,1,2,0.65,0,b53f5056b2a7d41d
0,0,0,0,0,1,1,0,0,0,1,2,1,1,0,0,1,0,0,0,1,1,2,2,1,0,0,0,0,0,0,0,0,0,0,1,1,0.75,1,bfc2a822517d380d
0,0,1,1,0,1,1,0,0,2,1,1,1,2,2,1,1,0,1,1,1,1,1,2,2,0,1,1,1,0,1,0,0,0,0,0,1,0.53,0,76196dd4169b0aab
0,0,0,0,0,0,0,0,1,0,0,0,0,2,1,0,0,0,1,1,2,0,1,0,0,0,0,2,0,0,1,0,0,1,2,1,1,0.75,1,1ef31ef4d5e65850
1,1,0,0,0,1,1,0,1,1,0,1,1,1,2,0,1,0,0,0,1,0,0,1,0,0,0,0,0,0,1,0,1,1,2,1,2,0.75,1,fbd552768544dc83
0,0,0,0,0,1,1,0,1,1,1,1,1,1,2,1,1,0,0,0,0,0,0,0,0,0,1,0,0,0,1,0,0,0,0,1,1,0.75,0,70eaae1e5cebd0c7
0,0,0,0,0,0,0,0,0,0,1,0,0,2,2,0,1,1,1,0,1,0,0,0,0,0,1,0,0,0,0,0,0,1,2,0,2,0.75,1,8aff7244331e2b84
0,0,0,0,0,0,2,0,2,0,0,0,0,1,1,0,0,1,0,0,0,0,1,2,0,0,0,0,0,0,1,0,0,0,0,1,2,0.75,1,1e2197dcd0af08dd
1,0,0,1,1,0,0,0,0,0,0,0,0,0,1,0,0,0,0,0,0,0,0,1,1,1,1,2,0,0,0,0,1,0,0,0,2,0.65,1,9fe12e1e5f0fb6b4
0,0,1,0,0,0,1,0,0,2,1,2,1,1,0,0,0,0,0,0,0,0,0,0,0,0,0,0,0,0,0,0,0,0,0,0,2,0.63,0,8893c2396062aa78
1,0,0,0,0,0,1,0,1,1,0,0,0,1,1,0,1,1,1,0,2,0,0,0,0,1,2,0,0,0,2,1,1,0,1,0,2,0.75,0,061b3150e4b53071
1,0,2,0,0,0,0,0,0,0,0,1,1,2,0,1,0,0,0,0,1,0,0,0,0,1,2,1,0,0,0,0,0,0,0,0,1,0.4,0,52ce706a2046f50b
0,0,0,0,0,1,1,0,1,0,0,0,0,0,2,0,0,1,1,1,2,0,0,0,0,1,0,1,0,0,0,0,0,0,0,0,0,0.75,0,c149aa16d36d79c5
1,0,0,0,0,0,0,0,0,1,0,0,0,1,1,0,1,0,0,0,1,0,0,0,0,0,1,0,0,0,0,0,0,0,0,0,2,0.75,1,42dca3f216da84b9
1,0,1,0,0,0,0,0,0,0,0,0,0,0,1,0,0,1,1,0,0,0,0,1,0,0,0,0,0,0,1,0,0,0,0,1,1,0.63,1,e3dd9f489994981c
1,0,1,0,0,0,1,0,0,1,0,0,0,1,1,0,0,0,0,0,1,0,0,0,0,1,0,1,0,0,1,0,1,0,0,0,1,0.63,1,18d2c1d62a6b4940
1,0,0,0,0,0,0,0,0,1,1,1,1,1,2,0,0,0,0,0,1,0,0,0,0,2,1,0,0,1,1,0,1,0,0,0,2,0.75,1,91cfe47453e454cf
0,0,0,0,0,0,1,0,0,0,0,0,0,0,0,0,1,0,0,0,1,0,1,1,2,1,0,1,0,0,0,0,0,0,1,0,0,0.75,1,fb9fe0ff2ec60402
1,0,1,0,0,1,1,0,1,1,1,1,1,2,1,0,1,0,0,0,1,1,1,1,1,1,2,0,0,0,1,0,0,0,1,0,0,0.63,1,6b7c9655d3042e8b
1,0,0,0,0,1,0,0,0,1,1,2,2,0,1,0,0,1,1,0,2,0,0,0,1,2,2,2,2,0,1,1,1,0,0,0,0,0.75,1,b666cd765b93b525
1,0,0,0,0,2,1,0,1,0,0,1,0,1,0,0,1,0,0,0,1,0,0,1,1,0,1,0,1,0,1,0,0,0,0,0,1,0.75,1,9f048c258f9c1623
1,0,0,0,0,0,1,0,1,1,1,0,0,2,2,2,2,1,0,1,0,0,0,0,0,0,1,0,0,0,0,0,0,0,1,0,2,0.75,1,8c7b5e53ece67fc8
1,0,0,1,0,0,0,0,0,1,0,1,1,0,1,0,0,0,0,1,0,0,0,0,0,0,0,0,0,1,2,1,0,0,1,1,2,0.65,1,f1c1928509249152
0,0,0,0,0,1,2,0,0,0,0,0,0,0,0,0,0,0,0,0,0,0,0,1,0,0,0,0,0,0,0,0,0,1,0,1,1,0.75,0,1aff2749086af287
0,0,1,0,0,0,1,1,2,0,0,1,0,0,1,0,0,0,0,0,0,0,0,2,1,1,2,2,2,0,0,0,0,0,0,1,0,0.63,1,2c1894e47ba4acb3
1,0,1,0,0,0,1,0,1,1,0,0,0,1,1,0,0,2,1,1,1,0,1,0,0,0,0,0,0,0,0,0,0,0,1,1,0,0.63,1,334fbbfc2ff03872
2,0,0,0,0,0,0,0,0,2,2,2,2,2,2,1,2,0,0,0,1,0,0,0,0,0,1,0,0,0,1,1,0,0,1,1,1,0.75,1,3130d985e6d4d294
2,0,0,0,0,1,1,0,0,0,0,0,0,0,0,0,1,0,0,0,0,0,0,1,1,1,0,1,0,0,1,0,1,0,0,1,1,0.75,1,b8e309d3c9811cb9
0,0,0,0,0,0,0,0,0,0,0,1,1,0,1,0,0,0,0,0,1,0,0,1,0,2,2,1,2,0,1,0,1,0,0,0,2,0.75,1,1b33cc6b8fca6877
0,0,0,0,0,0,0,0,1,0,0,1,0,1,1,0,0,1,0,0,1,0,0,0,0,0,1,0,1,0,1,0,0,0,0,1,2,0.75,1,45abc62b4c450f73
2,0,0,0,0,1,1,0,1,0,0,1,1,1,1,0,0,0,0,1,1,0,1,1,0,1,1,1,1,0,2,0,0,0,0,0,1,0.75,0,1c200b05efc44194
0,0,0,0,0,0,0,0,1,2,1,1,1,1,2,0,0,1,1,0,1,0,0,1,0,1,1,2,1,0,1,0,0,0,0,0,2,0.75,1,fcd91b52d8910436
0,0,1,0,0,0,0,0,0,1,0,0,0,0,0,0,0,1,0,0,2,0,0,0,0,1,1,0,0,0,0,0,0,0,1,1,1,0.63,1,7b6896cd4d0e0eb9
0,0,0,0,0,1,1,1,1,1,0,2,1,0,1,0,0,1,0,1,0,0,0,2,1,0,0,0,0,0,1,0,1,0,0,1,2,0.75,1,3cdebe24d148137d
2,1,0,0,0,1,1,0,1,1,0,0,1,0,0,0,0,0,0,0,0,0,0,0,0,0,0,0,0,0,1,0,1,0,0,1,1,0.75,1,371f2026fbd1fed7
1,0,0,0,0,0,1,0,0,1,0,0,1,0,1,0,1,0,0,0,0,0,0,0,0,0,1,1,1,0,1,0,2,0,0,0,1,0.75,1,6511b467482a28d7
0,0,0,0,0,1,2,0,1,0,0,0,1,0,0,0,0,1,0,0,1,0,0,1,0,0,0,1,1,0,0,0,0,0,0,1,1,0.75,0,30c02fbb4fe1208d
1,0,0,0,0,1,0,0,1,0,0,0,0,0,2,0,0,0,0,0,2,1,1,1,1,0,0,0,0,0,0,0,0,0,0,0,2,0.75,1,41ae58271a83c3a2
0,0,1,0,0,1,1,0,0,1,1,1,1,1,1,0,0,0,0,0,1,0,0,1,1,1,1,1,0,0,0,0,0,0,1,0,1,0.63,1,d35ca2eb801a245c
0,0,1,1,0,1,1,0,1,0,0,2,1,1,1,0,0,1,0,0,0,0,1,1,0,1,1,0,0,0,1,0,0,0,0,0,2,0.53,1,9e1d9aa7a0c30746
1,0,0,0,0,0,0,0,0,0,0,0,0,0,1,0,0,0,0,0,0,0,0,0,0,1,0,0,0,0,0,0,0,1,1,1,1,0.75,1,f417965926cc27db
0,0,0,0,0,0,0,0,0,2,1,1,1,1,0,0,1,0,0,1,1,0,0,1,0,0,1,1,0,0,1,0,0,0,0,1,1,0.75,0,db815db8d2dc0915
0,0,0,0,0,0,0,0,0,0,0,0,0,0,0,0,0,0,0,0,0,0,0,0,0,0,1,1,0,0,0,0,0,0,1,1,2,0.75,1,15d2e5353856fd18
0,0,1,0,0,0,1,0,0,0,1,1,1,0,0,0,0,1,0,0,1,0,0,2,0,1,1,1,0,0,1,0,0,1,1,1,0,0.63,0,982d697d47bdb5a2
1,0,0,0,0,0,1,0,1,0,0,0,0,2,2,0,1,0,1,0,1,0,0,0,0,0,1,1,0,0,0,0,0,0,0,1,0,0.75,1,2275fa92983d2c81
2,0,0,0,0,1,2,0,2,1,1,0,1,0,1,0,1,1,0,0,1,0,0,0,1,0,1,1,0,0,0,0,1,0,1,0,0,0.75,1,886793c92c8e387a
0,0,0,0,0,1,1,0,1,1,0,1,0,0,1,0,0,1,0,0,1,0,1,1,0,0,0,0,0,0,1,0,0,0,0,0,0,0.75,0,b884181337f36bd6
0,0,1,1,0,1,1,0,0,1,0,0,0,0,1,0,0,1,0,0,1,0,1,2,1,0,0,0,0,0,1,1,1,1,1,0,1,0.53,1,b76ed591822645b5
1,0,0,0,0,0,0,0,0,0,0,0,0,0,1,0,1,0,0,0,0,0,0,0,0,1,1,0,0,0,0,0,0,0,0,0,2,0.75,1,5b8f64770fa533ce
2,0,1,0,0,0,0,0,0,1,0,0,0,2,1,0,0,1,0,0,0,0,0,0,1,0,0,1,0,0,0,0,0,0,0,1,1,0.63,0,231724c4ff022c9d
0,0,0,0,0,0,0,0,1,0,0,0,0,1,0,0,0,1,2,1,2,0,0,0,0,0,1,0,0,0,1,0,0,0,0,0,1,0.75,1,515042c0046b0fb9
0,0,0,1,0,1,0,0,1,0,0,1,0,0,0,0,0,1,0,0,1,0,0,0,0,1,1,1,1,0,0,0,0,0,0,0,2,0.65,1,82d3236170746ab6
1,0,0,0,0,2,2,0,0,0,0,1,1,1,1,0,1,0,0,0,0,0,0,1,1,1,2,2,1,0,1,0,1,0,0,0,2,0.75,1,c93a8ab13d4eb378
1,0,0,0,0,1,1,0,0,2,1,1,0,0,0,0,0,1,1,1,2,0,0,1,0,0,1,1,0,0,0,0,0,0,0,0,1,0.75,1,09c906f26b20cd8d
1,0,2,1,0,1,1,0,0,0,0,2,1,1,2,0,1,1,1,1,2,0,1,1,1,0,1,1,0,0,0,0,0,0,2,1,2,0.3,1,cb227a5b14cb6cdd
1,0,0,0,0,2,1,0,1,0,0,1,0,0,0,0,0,0,0,0,1,1,1,1,0,1,1,1,0,1,1,1,2,0,0,1,1,0.75,1,ad490b9ffa3eccf9
0,0,1,0,0,1,2,0,2,1,0,0,0,0,0,0,0,1,0,0,1,0,0,0,0,0,0,0,0,0,1,1,0,0,0,1,1,0.63,0,b95f179212197ac0
1,1,0,0,0,2,1,0,2,0,1,1,0,1,1,0,1,1,0,0,1,0,0,0,0,1,1,1,0,1,0,1,0,0,0,1,1,0.75,0,1b518bbdbcce0902
2,0,0,1,0,1,1,0,0,0,0,0,0,0,0,0,0,0,0,0,2,1,1,2,1,0,0,0,1,0,0,0,0,0,0,0,0,0.65,1,d9179d0cca2a062b
1,0,0,0,0,0,0,0,0,1,1,2,1,1,0,0,0,0,0,0,0,1,1,2,1,0,1,1,0,0,0,0,0,0,0,1,1,0.75,0,003be5e49b3e19e2
1,0,1,0,0,0,1,0,0,0,0,1,0,1,1,0,0,0,0,0,1,0,2,2,0,1,1,2,1,0,1,0,0,0,1,0,1,0.63,0,2ac224feec23908d
0,0,2,1,0,1,1,1,1,0,0,0,0,1,0,0,0,1,0,1,1,0,0,0,1,1,2,1,0,0,0,0,0,0,0,0,2,0.3,0,4e8bf5f70d0d0385
0,0,1,0,0,0,1,0,0,1,0,1,0,0,0,0,0,1,0,0,1,0,0,1,0,0,0,0,0,0,0,0,0,0,0,1,2,0.63,1,29e5df1ec1252893
0,0,0,0,0,0,1,0,0,1,0,1,1,1,2,0,1,0,0,1,2,0,0,0,0,0,0,0,0,1,1,2,1,0,0,1,0,0.75,0,5663984f653c5f24
2,0,0,0,0,1,2,1,1,0,0,0,0,2,2,0,2,0,0,0,0,0,0,1,1,0,1,0,0,0,0,0,0,0,0,0,1,0.75,0,1e135fecdee0f2b1
2,1,1,1,0,0,0,0,0,2,1,2,2,0,0,0,0,1,0,1,0,0,1,1,0,0,0,0,0,0,0,0,0,1,1,0,0,0.53,0,aeda6e9fec1c2c32
2,0,1,1,0,0,0,0,0,0,0,0,0,1,0,0,0,0,0,0,0,0,1,0,0,0,0,0,0,0,0,0,0,0,1,1,2,0.53,0,57d06298bcb9b8af
1,0,0,0,0,0,0,0,0,1,0,1,1,1,0,0,0,0,0,0,1,0,0,0,0,0,1,1,0,0,0,0,0,0,0,1,1,0.75,1,a51f4da918e07c55
1,0,1,0,0,1,2,0,2,1,1,1,1,1,1,0,1,1,0,1,2,0,1,1,0,0,1,0,0,0,0,0,0,0,0,0,0,0.63,0,2a1b9090dead7bec
1,0,0,0,0,0,1,0,1,0,0,0,1,0,0,0,0,1,1,1,2,0,0,0,1,2,2,1,0,0,0,0,0,0,1,1,2,0.75,1,a22da4c2b5736776
1,0,0,0,0,0,0,0,0,0,0,0,0,1,1,0,0,0,0,0,0,1,1,1,1,0,1,0,0,0,1,0,0,1,1,0,1,0.75,1,23df43fed80cc842
0,0,0,0,0,2,2,1,2,0,0,0,0,0,0,0,1,1,1,1,2,0,0,0,0,0,0,0,0,0,2,1,0,0,0,1,1,0.75,1,4fbab56bd94f338e
0,0,0,0,0,0,1,0,0,1,1,2,0,0,0,0,0,0,0,0,0,0,0,0,0,0,1,1,0,0,1,0,1,0,1,1,0,0.75,0,eaed71e54d33076e
0,0,0,1,0,0,1,0,0,0,0,0,1,0,2,0,1,0,0,0,1,0,0,1,1,0,1,0,0,0,0,0,0,0,1,0,1,0.65,0,bea1e674bf0c79ab
1,0,0,0,0,1,1,0,0,2,0,1,1,0,0,0,0,0,0,0,1,0,1,1,1,0,1,0,0,0,0,0,0,0,0,0,2,0.75,1,a144c6385b4a6a2c
1,0,1,0,0,0,0,0,0,0,1,2,2,0,0,0,0,1,0,1,2,0,0,1,0,0,1,1,0,1,1,0,1,0,0,0,1,0.63,1,393a7a6e5dd0764d
1,0,0,0,0,1,1,0,1,1,0,1,0,2,1,0,0,0,0,0,1,0,0,1,1,1,0,0,0,0,0,0,0,1,1,1,1,0.75,0,bec73d6a81fd0750
1,0,0,0,0,0,0,0,0,0,0,0,0,1,1,0,0,0,1,2,2,0,0,0,0,0,0,0,0,0,1,0,1,0,1,0,1,0.75,0,21f9878518948316
0,0,0,0,1,0,0,0,0,2,1,1,0,1,1,1,1,2,1,0,1,0,0,1,1,1,1,0,0,0,0,0,0,0,0,0,2,0.75,1,649881a9e0b3339b
1,0,1,1,0,0,2,0,1,0,0,0,0,0,0,0,1,1,1,2,1,0,0,0,0,0,0,0,0,0,0,0,0,0,0,1,1,0.53,0,66d1028453e758bf
0,0,0,1,0,1,1,0,0,0,0,0,0,1,1,1,0,0,0,0,1,0,1,2,0,0,1,1,0,1,0,0,1,0,2,1,0,0.65,1,61b5cffb6161c341
1,0,0,0,0,1,0,0,0,1,1,1,2,1,1,0,1,0,0,0,0,0,0,0,0,0,0,0,0,0,0,0,0,0,1,1,2,0.75,1,f0a5e37d5ef324cb
0,0,0,0,0,1,1,0,0,0,0,0,0,2,1,0,0,1,1,1,2,0,0,1,1,0,0,0,0,0,0,0,0,0,1,0,1,0.75,1,5d672513ecf7199d
1,0,0,0,0,2,2,0,2,2,2,2,2,1,1,1,0,1,0,0,1,0,0,1,0,1,2,2,1,0,1,0,0,0,0,1,2,0.75,1,7ba387969fd88418
0,0,0,0,0,1,1,0,1,1,0,1,0,0,0,0,0,1,0,1,1,0,1,1,0,1,1,1,0,0,0,0,0,0,1,0,1,0.75,1,31a5b826567fe913
2,0,0,1,0,0,1,0,1,0,1,1,0,0,1,0,0,0,0,0,0,0,0,1,1,0,1,1,1,0,0,0,1,0,0,1,1,0.65,0,8874ac50d832ca10
1,0,0,0,0,1,1,0,2,0,0,1,0,0,1,0,1,0,0,0,0,0,0,0,0,0,2,1,0,1,1,1,1,0,0,0,1,0.75,0,41b840f7a4987231
1,0,1,1,1,0,1,0,0,0,1,1,1,1,2,0,0,0,0,0,0,0,0,0,0,1,2,0,0,0,0,0,0,0,0,1,2,0.53,1,3331b57bf640bba1
0,0,1,1,0,1,1,0,1,0,0,0,1,2,2,0,1,1,1,1,1,0,1,2,1,0,0,0,0,0,1,0,0,0,1,0,2,0.53,0,53c0750f283a9e0a
0,0,1,0,0,0,1,0,1,1,0,0,0,1,1,0,1,0,0,0,2,0,1,1,0,0,1,0,0,0,0,0,1,0,0,1,1,0.63,1,0d882f8fac59db6d
0,0,1,1,0,2,1,0,1,0,0,0,0,1,0,0,1,2,1,1,2,0,0,1,0,1,2,0,0,1,2,1,1,0,0,1,1,0.53,1,0c9fd37f447c1e1c
1,0,0,0,0,1,2,0,1,0,0,1,1,1,1,0,0,0,0,1,0,0,0,1,0,0,0,0,0,0,2,0,1,1,1,0,2,0.75,1,de07d7413fe7a7f4
1,0,0,0,0,0,0,0,1,0,0,0,1,1,1,0,0,1,0,1,0,1,1,2,1,0,0,0,0,0,1,0,0,1,2,0,1,0.75,1,516634a8a2771d4b
0,0,0,0,0,0,1,0,0,2,1,2,1,1,2,0,1,1,1,2,0,0,1,1,1,0,1,0,1,0,1,1,1,1,1,0,1,0.75,1,f7c8e062cbc99b73
1,1,0,1,0,1,1,1,2,0,1,0,1,0,2,0,0,0,0,0,0,0,0,1,0,0,0,0,0,0,2,1,2,2,0,1,1,0.65,0,ce5797e3a82b0cbc
0,0,0,0,0,0,0,0,0,1,0,0,0,1,1,0,0,1,0,1,1,0,0,1,0,1,2,1,1,0,0,0,0,0,0,0,1,0.75,1,b61563c678b2bce3
1,0,0,0,0,0,0,0,0,2,1,2,0,0,0,0,1,0,0,0,0,0,0,1,1,0,1,0,0,0,1,1,0,0,1,0,1,0.75,0,2a95bbb6135758fc
1,0,0,0,0,1,1,0,1,1,0,1,0,1,1,0,0,0,0,0,0,1,1,2,2,1,2,1,0,0,1,1,0,0,1,0,0,0.75,1,3e00268cc075ac6a
0,0,0,0,0,0,1,0,0,1,0,1,0,0,1,0,1,1,0,0,0,0,0,2,1,1,2,1,2,0,0,0,1,0,0,1,0,0.75,0,eb8593a48d74d86d
1,0,1,1,0,0,1,0,1,1,0,1,0,1,0,0,0,1,1,1,2,0,1,2,1,1,1,0,0,0,0,0,0,0,0,0,0,0.53,0,a771c227e7697741
0,0,1,1,0,1,2,1,1,1,0,1,0,0,0,0,1,2,1,1,1,0,0,0,0,0,1,1,0,0,0,0,1,0,0,0,1,0.53,0,b89c6139213c465f
2,0,1,0,0,0,1,0,0,2,0,1,0,0,0,0,1,0,0,0,1,0,1,1,0,0,1,2,1,0,1,0,1,0,0,0,1,0.63,0,af0f7cb453589c50
0,0,0,0,0,1,1,0,1,1,1,1,1,0,1,0,0,1,0,1,1,1,2,1,1,1,1,0,0,0,0,0,0,0,0,1,2,0.75,1,4f5cf1d72c03dea7
0,0,0,0,0,0,0,0,0,0,0,0,0,0,0,0,0,0,0,0,1,1,1,1,1,0,1,1,0,0,1,1,0,0,0,1,2,0.75,1,48988d345a474391
0,0,1,0,0,2,2,0,1,0,0,0,0,0,0,0,0,1,1,1,1,0,0,1,1,1,0,0,0,0,0,0,0,0,0,0,0,0.63,0,13649ae2b826826f
0,0,0,0,0,0,0,0,0,0,0,1,0,0,0,0,1,1,0,0,1,0,0,0,0,0,1,0,0,0,1,0,1,0,0,0,1,0.75,1,3652bdd5b2763010
0,0,0,0,0,0,0,0,1,1,0,0,1,0,0,0,0,0,0,0,0,0,0,0,0,0,0,0,0,0,2,0,1,0,1,0,1,0.75,0,4a854ef3386069ef
0,0,0,0,0,0,1,0,1,0,0,1,0,2,1,1,1,0,0,0,0,0,0,1,0,0,0,0,0,0,1,1,0,0,0,1,1,0.75,1,ce57a437a56ccaae
0,0,1,0,0,0,1,0,1,1,1,1,1,1,1,0,0,0,0,0,1,0,0,0,0,0,0,0,0,0,0,0,0,0,1,1,1,0.63,1,e4ecb81356520cb5
0,0,0,0,0,0,1,0,0,0,1,0,1,2,1,0,0,1,0,0,1,0,0,0,0,0,1,0,0,0,1,0,0,0,0,0,2,0.75,1,fc4efa8cf329a032
0,0,0,0,0,2,2,0,0,1,0,1,0,2,1,0,1,0,0,1,1,0,0,0,0,1,1,0,0,2,2,1,1,0,0,1,1,0.75,1,267238df097cbf5d
2,0,0,0,0,2,2,0,0,0,0,2,1,0,0,0,0,1,1,1,1,0,0,0,0,0,2,1,0,0,0,0,0,1,1,1,2,0.75,1,31e636fbc5e19b8b
0,0,0,0,0,0,0,0,0,0,1,1,1,0,2,0,1,1,0,1,2,0,0,0,0,1,2,1,1,0,0,0,0,0,1,0,0,0.75,1,30c88c19b1e5fa7d
0,0,0,0,0,1,1,0,1,0,1,0,1,1,1,0,0,1,0,0,1,0,1,1,2,1,1,1,0,0,0,0,0,0,0,0,1,0.75,1,158075a5de92db20
1,0,0,0,0,0,1,0,0,1,2,2,0,2,1,0,0,0,0,0,0,0,0,0,0,0,0,0,0,0,0,0,0,0,0,0,2,0.75,1,7922e744cc10203d
0,0,0,0,0,2,1,0,1,0,0,1,1,1,1,1,1,1,0,0,1,0,0,0,0,1,2,1,0,0,0,0,0,0,0,1,1,0.75,1,3e4dc870e0f16801
0,0,0,0,0,1,1,1,1,0,0,1,1,1,0,0,0,0,0,0,0,0,1,2,1,0,0,0,0,0,2,0,0,0,0,1,2,0.75,0,c7a102f0c0175f50
1,0,0,0,0,0,1,0,0,0,0,0,1,1,2,1,2,0,0,1,2,0,0,1,1,1,1,0,0,0,1,1,1,0,1,0,1,0.75,1,3babc3e5e5955738
1,0,0,1,0,0,1,0,0,2,1,1,0,0,2,0,0,1,0,0,1,0,0,1,0,0,0,0,0,0,1,0,0,0,0,1,2,0.65,1,55ded2dc360dc697
1,0,1,1,0,2,1,0,1,0,0,1,1,1,1,1,2,1,2,2,2,0,1,2,0,1,1,1,0,0,0,0,0,0,1,1,1,0.53,1,a85acd2734876e80
0,0,0,0,0,0,1,0,1,2,1,1,2,0,0,0,0,0,0,0,1,0,1,0,1,1,2,1,0,0,2,1,1,0,0,1,1,0.75,1,bff203a981796b41
1,0,1,1,0,0,1,0,1,1,0,0,0,1,2,1,2,0,0,0,0,1,0,1,0,0,1,1,0,0,1,0,1,0,0,0,1,0.53,1,e1329f3f4787eb79
0,0,0,0,0,0,1,0,0,1,0,0,1,0,0,0,0,0,0,0,1,0,1,0,0,2,2,1,1,0,1,0,1,0,1,0,2,0.75,1,68103c15f009e2cf
1,0,0,0,0,2,2,0,2,0,0,0,0,1,1,0,0,0,0,0,0,1,1,0,1,1,1,0,0,1,2,0,1,1,1,0,1,0.75,0,9ede55e2a50835e1
0,0,0,0,0,0,0,0,1,1,0,0,0,0,0,0,0,1,0,0,1,0,0,1,1,0,0,0,1,1,1,1,1,1,1,0,2,0.75,1,263616ed28cb459e
1,0,0,1,0,0,1,0,0,0,0,0,0,0,0,0,0,0,0,0,1,0,0,0,0,0,1,1,0,0,0,0,1,0,1,1,2,0.65,0,3dd21ccd484199b1
1,0,0,0,0,1,1,1,2,2,0,2,1,1,0,0,0,1,0,1,1,1,1,2,0,0,0,0,0,0,0,0,0,1,1,1,1,0.75,1,d9bd9f0fee1fb066
0,0,1,0,0,1,0,0,1,1,0,1,0,0,1,0,0,0,0,0,1,0,1,1,0,0,0,0,0,0,2,2,1,1,2,1,1,0.63,1,e886a00dfaeeddc2
0,0,0,0,0,0,1,0,1,0,0,0,0,0,0,0,0,1,0,0,1,0,0,1,0,1,1,0,0,0,1,0,1,1,0,1,2,0.75,1,04905fb13ac84770
0,0,0,0,0,0,0,0,0,0,0,0,0,1,0,0,0,2,0,2,2,0,0,0,0,0,1,0,1,0,1,0,0,0,0,1,1,0.75,1,9cbf508b4b0a8e4c
2,0,1,1,0,1,1,0,1,1,0,0,1,1,1,0,0,0,0,0,1,0,2,1,1,0,0,0,0,0,0,0,0,0,0,1,2,0.53,0,eec5f7bb66956a29
1,0,0,0,0,1,0,0,1,0,0,0,0,0,1,1,1,0,0,0,1,0,0,0,0,1,0,1,0,0,0,1,0,0,0,1,0,0.75,0,b0cb874c38c2a4a9
2,0,0,0,0,1,0,0,1,1,0,0,0,0,1,1,0,1,1,2,2,0,0,0,0,2,2,1,0,0,0,0,1,0,0,0,1,0.75,1,3a945afddd09fc49
0,0,1,0,0,0,0,0,0,0,0,0,0,0,0,0,0,0,0,0,1,0,0,1,0,0,0,1,0,0,0,0,0,0,0,0,0,0.63,0,a2cc946ce8932516
2,0,0,0,0,0,0,0,0,0,0,0,0,1,0,0,0,0,1,0,1,1,2,1,1,1,1,1,1,0,1,0,0,0,0,1,0,0.75,1,b9b70f4a5910982c
0,0,0,0,0,1,2,1,1,1,0,1,1,0,0,0,0,2,0,1,1,0,1,2,1,0,0,0,0,0,1,0,0,0,0,0,2,0.75,1,dba73e5c1262f08f
0,0,0,0,0,0,0,0,0,1,0,1,2,2,1,1,0,0,0,0,1,0,0,1,0,0,0,0,0,0,1,1,1,0,0,0,2,0.75,1,b6a302165fb24f41
2,0,0,0,0,0,0,0,1,1,1,2,1,0,2,0,0,1,0,1,2,0,1,0,0,0,0,0,0,0,1,1,1,0,0,0,1,0.75,1,4eaff32a734670a8
0,0,0,0,0,1,1,0,0,1,0,0,0,0,1,0,1,1,1,0,0,0,1,1,1,0,0,0,0,0,1,1,1,0,0,0,0,0.75,1,ab2713d0941886b2
0,0,0,0,0,0,0,0,1,0,0,0,0,1,1,0,1,1,0,1,2,1,1,1,0,0,0,0,0,0,0,0,0,0,1,1,0,0.75,0,d7c3e9f7fb111998
0,0,1,0,0,1,1,0,1,0,0,1,0,1,1,0,0,1,0,0,1,0,0,0,1,0,0,0,0,0,1,0,0,0,0,0,1,0.63,1,85bbf0887f2674dc
0,0,0,0,0,1,2,1,2,0,0,0,1,2,1,0,0,0,1,1,1,0,1,1,0,0,1,0,0,0,0,0,0,0,0,1,2,0.75,1,37f7a1fc7217dba0
1,1,0,0,0,1,1,0,0,0,1,1,1,0,2,0,0,0,0,0,0,0,0,1,0,0,0,0,0,0,1,1,1,0,0,1,2,0.75,0,15f64eb0604a2772
1,0,1,1,0,2,1,0,1,0,0,0,1,2,1,0,1,0,0,0,1,0,1,1,0,0,0,0,0,0,1,0,1,1,1,1,1,0.53,0,0600b4fd22d7d48b
0,0,0,0,0,0,0,0,0,1,1,0,1,1,1,0,0,0,0,0,0,0,0,0,0,0,0,0,0,0,1,0,0,0,0,1,2,0.75,1,952585f6caa4bfef
1,0,0,1,0,0,1,0,1,1,0,0,0,1,0,0,1,0,0,0,0,0,0,0,0,0,1,0,0,0,2,1,1,0,0,1,0,0.65,1,d33289082a0effc0
1,0,0,0,0,1,1,0,0,2,0,0,0,0,0,0,0,0,0,0,1,0,0,0,1,1,1,0,0,0,0,1,0,0,0,1,1,0.75,0,146223c5127b42b9
1,0,1,1,0,1,1,0,1,0,0,0,1,0,0,0,1,0,0,1,1,0,0,1,0,0,1,0,0,1,2,1,2,0,1,0,1,0.53,0,76e4c8d52538e476
2,0,1,0,0,1,2,1,2,2,1,1,1,0,0,0,0,0,0,0,0,0,0,0,0,0,1,0,0,0,1,1,0,0,1,1,1,0.63,1,adc4682e80a7b754
0,0,1,0,0,2,1,0,1,0,0,0,1,0,1,0,0,2,1,1,2,0,1,1,1,0,0,0,0,0,0,0,0,0,0,1,2,0.63,0,b67a04023547eb59
1,0,0,0,0,1,2,0,1,2,1,2,1,1,0,0,1,1,1,0,0,0,0,0,0,2,2,1,0,0,0,0,0,0,0,1,1,0.75,1,9460f9d0c6a53e02
1,0,1,0,0,1,2,1,2,0,0,2,0,2,1,0,0,1,0,0,1,0,1,1,1,1,2,1,1,0,2,2,1,0,0,1,2,0.63,0,3a68f4f85280da16
0,0,1,0,0,0,1,0,1,0,0,0,0,0,0,0,0,0,0,0,1,1,1,1,1,1,1,1,0,0,1,0,0,0,0,1,1,0.63,1,7b690ccd5225ddda
1,0,0,0,1,0,0,0,0,0,0,0,1,0,0,0,0,0,0,1,1,0,1,1,0,0,0,0,0,0,0,0,0,0,0,1,2,0.75,1,773a96112b79b52a
2,1,0,0,0,1,1,0,0,0,1,0,1,2,2,0,2,0,0,0,0,0,1,0,0,0,0,0,0,0,1,1,1,0,0,1,2,0.75,1,5fe3c1ecdf59f02f
0,0,0,0,0,1,1,0,1,0,0,0,0,0,1,0,1,0,1,0,1,0,0,1,0,1,0,1,0,0,0,0,0,0,1,0,0,0.75,1,60896c98db86db52
1,0,0,0,0,2,1,1,2,0,0,0,0,2,2,0,0,0,0,0,2,0,1,1,0,0,0,0,0,0,1,0,0,0,0,0,1,0.75,0,a872ec9c3f6e0394
1,0,1,0,0,1,1,0,2,1,1,1,2,1,1,0,0,0,0,0,1,0,1,1,0,1,1,0,1,0,0,0,1,0,0,0,2,0.63,1,810dade291e05a0a
1,0,1,0,0,0,0,0,1,1,0,0,0,1,1,0,0,0,0,0,1,0,0,1,0,0,1,1,2,0,1,1,1,0,1,0,1,0.63,1,d352d49132786a8c
0,0,0,0,0,1,1,0,0,0,0,0,0,1,1,0,0,0,0,0,1,0,0,0,0,0,0,0,0,1,2,2,2,0,0,0,2,0.75,1,8198c6c3a1faecef
0,0,1,0,0,1,1,0,1,0,0,0,1,2,2,1,1,2,1,1,1,0,0,0,0,0,0,0,0,0,0,0,0,0,0,0,1,0.63,0,506573a1e759c188
1,0,1,1,0,2,2,1,2,0,0,1,0,0,1,0,0,0,0,0,1,0,0,0,0,0,0,0,0,0,1,0,0,0,0,0,2,0.53,0,85c09865d28d0c92
0,0,0,0,0,0,1,1,0,0,0,0,0,1,0,0,0,0,1,1,1,0,0,1,0,0,1,0,0,0,2,1,2,0,0,0,1,0.75,1,8046d90151d99187
1,0,1,0,0,0,1,0,2,2,0,0,0,1,2,0,0,0,0,1,1,0,0,2,1,0,1,1,0,0,2,0,1,0,1,0,1,0.63,1,e957849479b52c00
0,0,0,0,0,1,0,0,1,0,0,0,0,2,0,1,1,1,0,0,1,0,0,1,0,1,1,0,1,0,0,0,0,0,0,0,2,0.75,1,ac1822e6d7e35f6c
0,0,0,0,0,1,1,0,1,0,0,1,1,2,2,1,2,0,0,0,0,0,1,1,1,1,0,0,0,0,0,0,0,0,0,1,1,0.75,0,cdaaa0ade9325095
0,0,1,1,0,2,2,0,1,0,0,1,1,2,1,0,1,1,1,1,1,0,0,0,0,0,2,0,0,0,0,0,0,0,0,1,0,0.53,1,7e6b950b8174699f
0,0,0,0,0,1,0,0,0,0,0,0,1,0,1,0,0,1,0,0,1,0,1,1,0,1,1,1,0,0,1,0,0,0,1,1,1,0.75,1,2f718acaa506f8f6
1,0,2,0,0,0,1,0,1,0,0,1,0,0,0,0,0,0,0,0,0,0,0,1,0,0,0,0,0,0,1,0,1,0,1,1,2,0.4,1,f396d5499cc642dc
1,0,0,0,0,1,1,0,1,0,0,2,1,2,1,1,1,1,1,1,1,0,0,0,1,0,0,0,0,0,0,0,0,0,0,0,0,0.75,1,9ee0b6710b09fe8c
0,0,1,0,0,0,1,1,1,0,0,0,0,0,0,0,0,1,0,0,1,0,0,1,0,0,1,1,1,0,1,0,0,0,0,1,2,0.63,1,a0c5d31a4b6e16f4
1,0,0,0,0,0,2,1,1,1,0,1,1,2,1,1,0,1,0,1,0,0,1,1,1,0,1,1,0,0,2,1,1,1,2,0,1,0.75,1,ba59ad2de26918c3
1,0,1,0,0,1,1,0,1,0,0,0,0,1,0,0,0,1,0,0,1,0,1,1,0,0,0,0,0,0,0,0,1,0,1,0,2,0.63,1,66a6015621449372
0,0,2,0,0,0,1,0,0,2,0,0,0,1,0,0,0,1,1,2,1,0,0,1,0,0,1,0,0,0,1,0,0,0,0,0,0,0.4,0,58927f2eba0f9037
1,0,0,0,0,0,1,0,0,1,0,1,1,0,1,0,0,0,1,0,1,0,0,0,1,0,1,0,0,0,1,0,0,0,1,1,1,0.75,1,e82cf6a76ef191cb
1,0,0,0,0,1,2,0,1,1,1,1,0,1,1,0,0,2,0,1,1,0,1,1,0,0,0,0,0,0,0,0,1,0,0,1,0,0.75,0,72e2b41f30eb2c7e
1,0,0,0,0,2,2,0,1,0,0,1,1,2,2,0,1,1,0,2,1,0,0,0,0,2,1,1,1,0,2,2,1,0,1,0,1,0.75,1,2aae480c146b08f2
1,0,1,0,0,1,0,0,1,1,0,1,2,0,0,0,0,0,0,0,0,0,0,0,0,0,1,0,0,0,0,0,0,0,0,0,1,0.63,1,7cf607458ff0050d
0,0,0,0,0,0,1,0,0,0,0,0,0,0,1,0,1,0,0,0,0,0,1,1,1,0,0,0,0,1,2,1,1,0,1,0,1,0.75,1,79e78dd84710e3df
1,0,1,0,0,1,1,0,1,1,0,0,1,1,1,1,1,1,2,1,1,0,1,0,0,1,1,1,1,0,0,0,0,0,0,0,1,0.63,1,e4f93ed06e7bf9bb
1,0,1,0,0,0,0,0,0,0,0,0,0,2,2,0,1,1,0,2,1,0,1,1,1,0,1,0,0,0,0,0,1,0,1,0,1,0.63,1,6bd6a49674c3650a
1,0,1,1,0,1,1,0,1,1,0,1,1,0,0,0,0,1,0,0,0,0,1,2,0,1,0,0,0,0,2,1,0,0,0,1,1,0.53,0,67736135d2b923c8
2,1,0,0,0,2,2,1,1,1,0,0,0,0,0,0,0,1,0,0,0,0,0,1,1,0,2,0,0,0,1,0,0,0,0,1,0,0.75,1,50699a2a43abd676
0,0,1,0,0,1,1,0,0,0,0,0,1,1,1,0,0,0,0,0,0,0,0,0,0,1,0,0,0,0,0,0,0,1,1,1,2,0.63,0,ec52cc4a5d420b13
0,0,0,0,0,1,0,0,1,1,1,2,2,2,2,0,1,0,0,0,0,0,1,1,0,2,2,1,0,0,1,0,0,0,0,0,2,0.75,1,2a8fed1bf6cc3a54
0,0,0,0,0,1,2,1,1,2,0,0,1,1,1,0,0,1,0,0,0,0,0,0,1,2,2,2,1,0,1,0,1,0,0,0,1,0.75,1,959bc9ecd7682d13
1,0,0,0,0,1,1,0,1,2,0,0,0,0,0,0,0,0,0,0,1,1,1,2,1,0,1,1,1,0,1,0,1,0,0,1,2,0.75,1,2b91ce63722d96db
1,0,0,0,0,2,0,0,1,0,0,1,0,1,1,1,1,1,0,1,1,0,0,0,1,0,1,0,0,0,0,0,0,0,0,0,1,0.75,0,eb43b884e5363e36
1,0,1,0,0,0,0,0,0,1,0,1,2,1,0,0,0,0,0,0,0,0,1,2,1,0,0,0,0,0,0,0,0,1,1,1,2,0.63,0,b08e5c58cbea7a0d
1,0,0,0,0,0,1,1,1,0,0,0,0,0,0,0,0,0,0,0,0,0,0,0,0,0,0,0,0,0,1,0,1,0,0,1,1,0.75,0,91bee4d8bf2795d0
1,0,0,1,0,1,1,1,1,1,0,1,0,1,2,0,0,0,0,0,1,0,0,0,0,0,0,0,0,0,0,0,0,1,1,1,1,0.65,0,c3b451271b3267eb
0,0,1,1,0,1,1,0,1,1,1,0,1,2,2,0,1,0,0,0,2,0,0,0,0,0,1,0,1,0,0,0,0,0,1,1,1,0.53,0,4ef6070f7e928a03
0,0,1,0,0,1,1,0,1,2,0,1,1,2,2,0,1,0,0,0,1,0,0,1,1,1,1,0,0,0,1,0,1,1,2,0,0,0.63,1,987db43a943ed433
0,0,0,0,0,2,2,1,2,0,1,1,1,0,1,0,0,0,0,1,0,0,1,2,2,0,0,1,0,0,0,0,0,0,0,1,0,0.75,0,f848fe9a15705ef0
0,0,0,0,0,1,0,0,1,0,0,1,1,1,1,0,0,2,0,1,1,0,0,0,0,0,0,0,0,0,0,0,0,0,0,0,1,0.75,1,5a85135d4d275132
0,0,1,1,0,1,0,0,1,0,0,1,1,0,1,0,0,0,0,1,0,0,1,1,0,1,1,1,0,0,1,0,0,0,0,0,1,0.53,1,3eb0fc14b6a5f71e
1,0,0,1,0,1,2,1,1,0,0,1,1,2,1,0,1,0,1,1,2,0,0,0,1,0,1,1,0,0,1,0,1,1,1,1,1,0.65,1,07b0cc5c0540835e
0,0,0,0,0,0,1,0,0,1,0,1,1,0,1,0,1,0,0,0,0,0,0,1,1,1,1,0,0,0,1,1,1,0,0,1,1,0.75,1,5529418fcaa739fb
0,0,0,0,0,1,1,0,1,1,1,1,1,0,1,0,1,2,1,0,0,0,0,0,0,0,1,1,0,0,1,0,0,0,1,0,1,0.75,1,b0b56f2876786aa9
1,0,0,0,0,1,1,0,1,1,1,1,1,1,1,0,0,0,0,0,1,0,1,1,2,0,1,0,1,0,1,0,0,0,0,1,2,0.75,1,a3d8754bc34f161c
0,0,0,0,0,0,2,0,0,1,0,1,1,1,2,0,1,1,0,0,1,0,0,1,0,1,2,2,1,0,0,0,0,1,0,0,2,0.75,1,9e16e57a463b0b57
0,0,1,1,0,2,2,1,2,0,0,0,1,0,0,0,0,1,0,1,1,0,1,1,0,1,1,1,1,0,1,0,1,1,1,1,1,0.53,1,826a1fb20e1f5ce3
1,0,0,0,0,0,1,0,1,1,0,0,0,1,1,0,2,1,1,0,1,0,0,1,0,1,1,0,0,0,0,1,0,0,0,0,1,0.75,0,9b6d176d6f4fb4e8
1,0,0,0,0,1,1,0,0,1,0,0,1,1,1,0,0,0,1,1,1,0,0,0,0,1,2,1,0,0,0,0,0,0,1,0,2,0.75,1,d1106033c28ced10
1,0,1,2,0,0,1,0,0,0,0,1,1,1,1,0,1,1,0,0,0,0,1,1,0,1,1,2,0,0,1,0,1,0,1,1,1,0.38,0,3219e540b3465508
0,0,0,0,0,1,1,0,0,2,1,1,1,2,1,0,2,0,0,0,0,0,0,0,0,0,0,0,0,0,2,1,1,0,0,1,0,0.75,1,9e9115fe2a7d43e3
1,0,0,1,0,1,1,0,0,0,0,0,1,2,2,1,2,0,0,0,2,0,1,1,1,0,1,1,0,0,0,0,0,0,1,0,1,0.65,1,395195afd9515853
0,0,1,0,0,1,2,1,0,1,0,1,1,1,1,0,0,0,0,0,0,0,1,1,0,0,0,0,0,0,1,0,0,0,1,1,1,0.63,1,d5aace382fdcc117
1,0,0,0,0,1,0,0,1,1,1,2,2,1,0,0,0,0,0,0,1,0,0,1,1,0,1,0,0,0,0,0,0,0,0,1,1,0.75,0,03403e44f87afa79
1,0,1,0,0,0,1,0,0,2,1,1,2,2,2,1,0,0,0,0,0,0,0,0,0,0,1,2,0,0,0,0,0,0,0,1,1,0.63,1,0a5f4c73eec0caff
1,0,0,0,0,0,0,0,0,1,0,1,1,2,2,1,1,1,0,0,2,0,0,0,0,0,2,1,0,0,0,0,0,1,0,1,0,0.75,1,ea6f7f6d803a1012
2,0,0,0,0,2,1,0,2,2,1,1,1,1,0,0,0,2,2,1,1,0,1,1,0,2,2,2,1,0,1,1,1,0,0,0,2,0.75,0,d8d50716cc2a9ba7
2,0,0,0,0,1,1,0,2,0,0,0,0,0,1,0,0,0,0,0,1,0,0,0,0,0,0,0,0,0,1,1,1,0,1,0,2,0.75,1,9db6401065f12f37
1,0,0,0,1,0,0,0,0,1,0,0,0,2,1,0,0,1,1,0,2,0,0,0,0,0,1,0,0,0,1,0,0,0,0,1,1,0.75,0,1d240a7643060d28
0,0,0,0,0,1,0,0,1,1,0,1,2,2,2,0,1,2,0,1,1,0,0,0,0,0,0,0,0,0,1,0,0,1,0,0,1,0.75,1,30a74838e795c306
0,0,0,0,0,2,2,0,1,1,1,1,0,1,0,0,1,0,0,0,1,0,0,0,0,0,0,0,0,1,2,2,2,0,0,1,0,0.75,0,752da7e39529997b
1,0,0,0,0,0,1,0,1,0,0,0,0,2,1,0,0,0,0,0,0,0,1,1,1,0,0,0,0,0,1,0,0,0,1,1,0,0.75,1,cfc3efd230baa319
1,0,1,1,0,0,0,0,0,1,0,1,1,2,2,0,1,1,0,0,0,0,0,0,0,0,0,0,0,0,1,0,0,0,1,0,1,0.53,0,0f40a249e696396c
1,0,0,0,0,2,1,0,0,1,0,1,1,1,2,0,2,1,1,0,1,0,0,0,0,1,2,1,0,0,2,1,1,0,0,0,0,0.75,1,e7899ea5c11d444e
0,0,0,0,0,1,1,0,1,1,1,0,0,1,1,0,0,1,1,2,1,0,0,0,0,0,0,0,0,1,2,1,1,0,1,1,2,0.75,0,9e07666b93bb918b
1,0,1,0,0,1,1,1,0,1,1,0,2,2,0,0,1,1,1,1,2,1,2,1,1,1,1,0,0,0,1,0,1,0,1,1,2,0.63,0,ecde2df6c25233c0
1,0,1,1,0,1,2,0,2,1,0,1,2,1,1,0,1,0,0,0,1,0,0,1,0,1,2,1,1,0,0,0,0,0,1,0,0,0.53,1,0fdb49f3cccb8e2f
1,0,0,0,0,1,1,1,0,0,0,0,1,2,2,0,0,0,1,1,0,0,0,1,0,0,1,0,0,1,2,1,1,0,1,0,1,0.75,0,6861793a62752b47
1,0,0,0,0,1,1,0,0,1,0,0,0,1,0,0,0,1,0,0,0,0,1,1,1,1,2,2,2,0,1,1,1,0,0,1,1,0.75,1,80cc211b71bb06bf
1,0,0,0,0,1,2,0,0,0,0,1,0,1,1,0,1,1,0,0,1,0,1,2,1,1,1,0,0,0,0,0,0,0,0,1,2,0.75,1,406d35554c6f4883
1,0,0,0,0,0,2,0,0,1,0,1,2,0,0,0,1,1,0,1,2,0,0,1,1,0,0,0,0,0,1,1,1,0,1,0,0,0.75,0,996d4a22b4cc6bec
0,0,0,0,0,0,1,0,0,1,0,1,1,0,2,0,1,1,0,1,1,0,0,0,0,0,1,0,0,0,1,0,0,0,0,1,1,0.75,1,426d562145b3308b
0,0,1,1,0,1,1,0,1,0,0,0,0,1,1,1,0,0,0,0,0,0,1,0,0,0,0,0,0,1,2,0,1,0,0,1,2,0.53,0,44f9c6ed393077a9
1,0,1,1,0,1,1,0,0,0,0,0,0,0,1,0,0,1,0,0,0,0,0,0,0,1,1,1,1,0,0,0,0,0,0,1,0,0.53,1,0b7b3dd7b8c597a7
0,0,0,0,0,0,0,0,0,1,1,1,1,2,2,1,0,0,0,0,0,1,0,0,0,1,0,0,0,1,2,1,1,0,0,1,0,0.75,1,d07a4f810611081e
0,0,1,0,0,2,2,0,1,1,1,1,0,0,0,0,0,1,1,0,1,0,1,1,0,0,1,0,1,0,0,0,0,0,1,1,1,0.63,1,2dfb6b69a0d3f1aa
0,0,0,0,0,2,1,0,1,0,0,1,1,1,1,0,1,0,0,0,0,0,1,2,1,0,1,0,0,0,1,0,0,0,1,0,1,0.75,0,f9efaabbe6dcaff4
1,0,1,1,0,0,1,0,0,1,1,1,1,2,1,1,1,1,0,0,0,0,0,0,0,1,1,0,0,0,0,0,1,0,1,0,2,0.53,1,03ff968185da72fd
2,0,0,0,0,1,1,0,1,2,0,1,0,0,0,0,0,2,2,2,2,1,1,2,1,0,1,1,0,0,0,0,0,0,0,0,1,0.75,1,ca68a7659607f4dc
1,0,0,0,0,1,1,1,1,0,0,0,0,1,2,0,0,0,0,0,1,0,0,0,0,1,1,1,0,0,0,0,0,0,0,0,0,0.75,0,50c11f21c316060f
0,0,0,1,0,1,2,0,0,0,0,1,1,0,1,0,0,2,0,0,0,0,1,1,0,1,2,1,1,0,0,0,0,1,1,1,2,0.65,0,dfe969248df94077
2,0,0,0,0,2,1,0,1,0,0,0,0,0,1,0,1,0,0,0,1,0,0,0,0,0,1,1,0,1,2,1,2,0,0,1,1,0.75,0,42fc81ee36bebe3c
2,0,0,1,0,1,1,0,0,1,1,2,1,1,1,0,0,1,0,1,2,0,1,2,2,0,1,1,0,1,0,1,2,0,1,0,2,0.65,1,0eafbb12686821dd
0,0,1,0,0,0,1,0,1,1,1,2,1,0,1,1,1,1,0,0,1,1,2,2,2,1,1,1,1,0,0,1,0,0,1,1,1,0.63,1,069bcbb7d80423de
0,0,0,0,0,0,1,1,1,1,1,1,0,2,2,1,1,1,0,0,0,0,0,0,0,1,1,0,0,0,1,0,0,0,2,0,1,0.75,1,403bbf965abe5af2
1,0,1,1,0,0,1,0,0,0,0,0,0,1,1,0,0,0,0,0,1,0,0,0,0,1,1,0,0,0,0,0,0,0,0,0,2,0.53,0,cb9c133a9c58e3e6
0,0,0,0,0,0,1,0,1,0,0,0,0,1,0,0,0,0,0,0,1,0,0,0,0,0,0,0,0,0,0,1,0,0,0,1,2,0.75,1,8c310378b75d1ed5
1,0,0,0,0,1,1,0,1,1,1,1,1,1,2,0,1,0,0,0,1,0,0,1,0,0,0,0,0,0,0,0,0,0,0,1,2,0.75,1,85a06cdc96ab782d
1,0,1,1,0,1,1,0,0,0,0,0,1,1,2,0,0,1,0,0,2,0,0,0,1,0,1,1,1,0,1,1,1,0,1,1,0,0.53,0,96df784cbac31449
1,0,0,0,0,0,0,0,0,0,0,1,0,1,2,0,0,1,0,1,2,0,0,0,0,1,0,0,0,1,1,0,0,0,1,1,2,0.75,1,e0a715c3e61f4a1b
0,0,1,0,0,1,1,0,0,1,0,1,1,0,1,0,1,2,0,1,2,0,0,0,0,0,0,1,0,0,1,0,0,0,1,1,0,0.63,1,c8cb75b82f71f228
0,0,0,0,0,1,0,0,1,0,0,1,1,0,0,0,0,0,0,0,0,0,1,1,1,0,0,0,0,0,1,1,1,0,0,1,1,0.75,1,20108efa69187552
2,0,0,0,0,0,0,0,0,1,1,1,2,1,2,0,0,0,0,0,0,0,0,0,0,0,0,0,0,0,1,0,0,0,1,0,0,0.75,0,c591992d12ce6da2
1,0,0,0,0,1,2,1,1,2,1,2,1,0,0,0,0,1,1,1,2,1,1,1,0,1,2,1,1,0,0,0,0,0,1,0,2,0.75,1,d7688ae142b42f0e
0,0,0,0,0,0,0,0,0,0,0,0,0,1,0,0,0,1,0,0,1,0,1,1,1,0,0,0,0,1,1,0,0,0,1,0,1,0.75,1,fb7afb7ccb0cfb21
1,0,0,0,0,0,1,0,0,0,0,0,0,1,1,0,1,0,0,0,1,0,1,0,0,0,1,1,0,0,1,1,0,0,0,1,0,0.75,0,297da02b4d9846b1
0,0,0,0,0,0,0,0,1,0,0,1,0,1,1,0,1,0,0,0,1,0,0,0,0,1,1,0,0,0,0,0,0,0,1,1,2,0.75,0,25e17f19b15b9b89
0,0,0,0,0,1,1,0,1,0,0,0,0,0,1,0,0,0,0,0,2,0,0,1,0,0,1,0,0,0,0,1,0,0,1,1,1,0.75,1,497a26664be1bf99
2,0,0,0,0,1,0,0,0,0,0,0,0,1,0,0,1,2,0,0,0,1,2,1,2,1,1,0,0,0,0,0,0,0,1,1,1,0.75,1,9a1dbeaaaa522ddc
0,0,1,0,0,1,1,0,1,0,0,0,1,0,0,0,0,0,0,0,1,0,0,0,0,1,1,1,0,1,2,2,1,0,0,0,2,0.63,1,3534849af25113ff
0,0,0,0,0,2,2,0,2,1,0,1,1,0,0,0,0,0,0,1,2,1,2,1,0,1,2,2,1,0,0,0,1,1,1,1,1,0.75,1,2145e43f075483ca
1,0,0,0,0,0,0,0,0,2,0,1,1,1,0,0,0,0,0,0,1,0,0,0,1,0,0,0,0,0,0,0,0,0,0,1,1,0.75,0,d1060cd8538d2a22
1,0,2,1,0,1,1,0,0,1,0,1,1,1,0,0,0,2,1,2,2,0,0,0,0,0,0,1,0,0,0,1,1,1,1,0,1,0.3,0,3b20889a1f5748ae
1,0,1,0,0,1,1,1,1,1,0,0,0,1,1,0,1,1,0,0,1,0,0,1,0,0,2,1,1,0,0,1,1,0,0,1,1,0.63,1,26dad878c0774d3f
0,0,1,1,0,1,1,0,0,0,0,0,0,1,2,1,1,0,1,0,2,1,1,2,1,0,0,0,0,0,2,1,0,1,0,1,2,0.53,1,a3f92d423755b3b7
1,0,1,0,0,0,1,0,0,0,0,0,1,0,1,0,0,0,0,0,1,0,0,0,0,1,0,0,0,1,2,1,1,0,1,1,1,0.63,0,49c6e01af72912ff
0,0,0,0,0,0,0,0,0,0,0,0,1,1,1,0,0,0,0,1,1,0,0,1,1,0,0,0,0,0,1,0,1,0,0,0,1,0.75,1,b7e6b241e7514c83
1,0,0,0,0,0,1,0,1,0,0,1,1,0,0,0,0,2,1,1,2,1,0,1,0,0,1,0,0,0,0,0,1,0,1,0,2,0.75,0,9c4ac8ab94c401e9
0,0,1,0,0,2,2,1,1,1,1,2,1,1,1,0,1,0,1,0,0,0,0,1,1,0,1,0,0,1,2,1,1,0,0,1,0,0.63,0,bc38d05e45a3c877
1,0,1,0,0,1,1,0,0,2,1,2,1,0,0,0,0,1,1,1,2,0,1,1,0,0,0,0,0,0,2,1,2,0,0,0,0,0.63,0,ff972ea65c38e454
1,0,0,0,0,2,2,1,2,1,0,0,0,0,0,1,0,1,0,1,1,1,1,0,0,0,1,0,0,0,1,0,0,0,1,0,2,0.75,1,8433f8c8ea068569
2,0,0,0,0,0,0,0,1,1,0,1,1,1,1,0,0,1,0,1,1,0,0,1,0,1,0,0,0,0,1,1,2,0,0,0,2,0.75,0,3fd61dca7b098607
0,0,1,1,0,1,1,0,2,0,0,1,1,1,1,0,0,0,0,0,0,0,0,0,0,0,1,0,0,0,1,0,0,0,0,1,1,0.53,1,5da1183a19ed89b0
0,0,0,0,0,0,0,0,1,0,0,0,1,0,0,0,0,2,0,1,1,0,1,2,2,0,2,2,1,0,0,0,0,1,1,1,0,0.75,0,6f5101012ee8f47b
1,0,0,1,0,0,0,0,1,0,0,1,0,2,1,0,1,0,0,0,1,1,0,1,0,2,2,2,0,0,1,0,0,0,0,0,1,0.65,0,f90a6576c90eb761
0,0,0,0,0,1,1,0,0,1,0,1,2,0,0,0,0,0,0,0,0,1,1,1,0,1,1,0,0,0,2,0,1,0,0,1,1,0.75,1,2f74c2447807dec3
0,0,1,1,0,0,0,0,1,0,0,1,1,0,0,0,0,1,0,0,1,0,0,0,0,2,2,1,2,0,1,0,0,0,1,0,1,0.53,0,ed9a034b9be6d5d6
1,0,0,1,0,0,0,0,0,0,0,0,0,0,1,0,0,2,1,1,2,0,0,1,0,0,0,0,0,0,1,0,1,0,1,0,0,0.65,1,8de1567ef01453e1
0,0,1,0,0,1,1,0,1,1,1,1,1,1,2,1,1,0,0,0,0,0,0,0,1,0,1,2,1,0,1,0,1,1,0,1,2,0.63,0,4b170c3a8c0adf3b
1,0,0,0,0,0,0,0,0,0,0,0,0,1,1,0,1,0,0,0,0,0,0,1,0,2,2,1,1,0,1,0,0,0,0,0,2,0.75,1,597bdbe38a37c167
0,0,0,0,0,1,0,0,0,2,1,2,1,1,1,0,0,0,0,1,1,0,0,0,0,1,1,1,0,0,0,0,1,0,0,0,0,0.75,0,6d021d0c6b411ab6
1,0,0,0,0,1,1,0,1,0,0,0,0,0,1,0,0,0,0,1,1,0,0,0,0,0,1,0,0,0,0,0,0,0,1,0,2,0.75,0,ca36716278812f89
1,1,0,0,0,1,0,0,0,1,1,1,0,2,1,0,0,0,0,1,1,0,1,2,1,0,1,0,0,0,2,1,1,1,2,1,2,0.75,1,fd989ba12a4e0f0b
1,0,0,0,0,1,1,0,0,1,0,0,1,1,1,0,0,0,0,0,0,0,0,1,0,0,1,0,0,0,2,1,1,0,0,0,1,0.75,1,2360a10ef6539682
1,0,1,0,0,0,0,0,1,0,0,0,0,1,1,1,1,0,0,2,2,0,2,2,1,0,0,0,0,0,0,0,0,0,1,0,1,0.63,0,c29cb8a8b4dca738
1,0,0,0,1,0,0,0,1,1,1,1,0,0,0,0,1,0,1,0,1,0,0,0,0,1,1,1,0,0,2,0,2,0,1,0,1,0.75,0,ded82e39a8954fdf
2,1,0,0,0,2,1,0,1,0,0,0,1,1,2,0,0,0,1,0,0,0,0,0,1,0,1,0,0,0,0,0,1,0,0,0,2,0.75,1,531567402ee5375f
1,0,0,0,0,1,1,0,1,1,0,1,0,2,0,0,1,1,0,1,1,0,0,0,0,2,2,2,2,0,0,0,0,1,0,0,0,0.75,0,384018d01af573c4
0,0,0,0,0,0,0,0,1,0,0,1,0,1,2,0,1,0,0,0,0,0,1,2,1,0,1,0,0,0,0,1,0,0,0,1,1,0.75,1,8ecede22e2bb6ecf
1,0,0,0,0,0,0,0,0,0,0,0,0,0,0,0,0,1,1,0,1,1,2,2,1,0,1,0,0,0,0,0,0,0,0,1,1,0.75,0,b7c5964cd4952643
0,0,0,0,0,0,0,0,1,0,0,0,0,1,1,0,1,0,0,0,1,0,1,0,0,0,0,0,0,0,0,0,0,0,0,1,2,0.75,0,759095bbf161414d
0,0,1,1,0,1,1,0,0,2,1,1,1,0,0,0,0,1,0,1,2,0,1,0,0,0,0,0,0,0,1,0,0,0,0,0,1,0.53,1,580bc0ded0fe7c21
0,0,0,0,0,0,0,0,0,0,0,1,1,1,0,0,0,0,0,0,0,0,1,1,0,1,1,2,1,0,1,0,1,0,0,0,2,0.75,0,6c6bb88e237b291e
0,0,0,0,0,1,1,0,0,1,0,0,0,1,1,1,1,0,0,0,1,0,1,1,1,0,2,0,0,0,1,0,0,0,0,0,0,0.75,1,80b36976eeb15def
2,0,1,0,1,1,2,1,2,1,1,1,1,1,1,0,0,0,0,0,1,2,1,2,2,1,2,1,1,1,2,0,1,0,0,1,2,0.63,1,eb004e086a56ee32
0,0,0,0,1,1,2,0,0,2,1,1,2,2,1,0,1,0,0,1,1,0,0,1,0,0,2,2,1,1,2,1,2,1,0,0,1,0.75,1,90a7966cd91866d8
0,0,0,0,0,1,1,0,1,1,0,1,1,1,0,0,0,0,0,0,2,0,0,1,0,0,1,1,0,1,1,1,0,0,0,0,1,0.75,0,4e70794bd879cc24
1,0,0,0,0,0,0,0,0,1,0,0,1,1,0,0,0,0,0,0,2,0,1,1,0,0,1,1,0,0,1,0,0,0,0,1,1,0.75,1,feba932c19cb2c5f
0,0,0,0,0,2,1,0,1,0,0,0,1,1,1,0,0,1,1,2,2,0,1,1,0,0,2,0,0,0,1,0,1,1,2,0,2,0.75,1,1788c9c7d64bdf07
0,0,0,0,0,1,1,1,1,1,2,2,1,0,0,0,0,2,1,1,1,0,1,0,0,0,0,0,0,0,0,0,0,0,0,0,1,0.75,1,1575675630d42ea7
0,0,0,0,0,1,1,1,2,1,1,1,1,1,1,0,1,0,1,1,1,1,0,2,0,1,1,1,0,0,0,0,0,0,0,0,0,0.75,0,cbf2b9ef1a1bcd17
2,0,0,0,0,1,1,1,1,1,0,0,0,1,1,0,0,1,0,1,1,0,0,0,1,0,1,1,0,0,0,0,0,1,2,1,1,0.75,0,3339893e3d4e3d87
1,0,1,1,0,1,2,0,2,0,1,2,0,2,1,0,1,0,0,0,0,1,1,1,1,0,0,0,0,0,1,0,0,1,0,0,1,0.53,1,f69f2c3c378d5e6a
1,0,1,1,0,1,1,0,0,1,1,2,1,0,2,0,1,1,0,0,1,0,1,2,2,1,1,2,0,0,0,0,0,0,1,0,1,0.53,1,643d1ac9f0ac341b
1,0,0,0,0,0,0,0,1,0,0,1,1,1,1,0,1,0,0,1,1,0,0,2,2,0,1,0,0,0,1,0,0,0,0,0,1,0.75,0,db5d6cbf985f93e5
0,0,0,0,0,1,0,0,1,2,1,1,1,0,1,0,1,0,0,0,1,0,1,0,0,0,0,0,0,0,2,1,2,0,1,0,0,0.75,0,73d6941289f0e271
2,0,0,0,0,2,1,0,1,1,0,1,1,1,2,1,1,1,0,0,2,0,0,1,1,0,1,0,0,0,1,1,1,0,0,0,0,0.75,1,f663f9405eb3ccf0
2,0,0,0,0,1,0,0,2,1,1,0,0,1,1,1,1,2,1,1,1,0,1,1,0,1,2,0,0,1,1,1,2,0,0,1,2,0.75,1,062047717286ceac
1,0,0,0,0,0,1,1,1,1,1,1,1,1,2,1,1,1,1,1,1,1,0,0,0,0,0,0,0,0,2,1,1,0,0,0,1,0.75,1,648a674d913bbb2b
0,0,0,0,0,1,2,0,1,0,0,0,0,0,0,0,0,1,0,0,1,0,1,1,0,0,2,1,0,0,0,0,0,0,2,1,0,0.75,0,86219f5a0879d7e5
0,0,0,0,0,0,2,0,1,0,1,1,1,1,1,0,0,2,0,1,1,0,1,0,0,0,1,0,0,1,2,1,2,1,2,0,2,0.75,1,ed6139a1ee862d11
2,0,1,1,0,0,0,0,0,1,0,1,1,1,1,0,0,0,0,0,0,0,0,0,1,0,1,0,0,0,1,0,1,0,0,1,1,0.53,1,206f07a48c086870
1,0,0,0,0,0,1,1,1,1,2,2,1,0,1,0,1,1,2,2,1,0,1,1,1,0,1,0,0,0,0,0,0,0,0,1,1,0.75,1,222d9dffe120aee4
1,0,0,0,0,1,2,1,0,0,0,0,0,1,1,1,1,0,0,1,1,0,0,0,0,0,0,0,0,0,1,0,0,0,0,0,0,0.75,1,b56c6d8a13972b5a
0,0,0,0,0,1,0,0,2,0,0,0,0,1,1,0,1,0,0,0,0,0,1,1,0,0,1,1,0,0,2,2,2,0,0,1,2,0.75,1,4babaeb72d180a66
0,0,0,0,0,0,0,0,0,1,0,0,1,1,2,0,1,0,0,0,0,0,0,2,2,1,1,2,1,0,0,0,0,0,0,0,1,0.75,1,afe8788644d86cac
1,0,0,0,0,0,0,0,0,0,0,0,0,0,0,0,0,0,0,0,0,0,0,0,1,0,0,0,0,0,0,0,0,1,2,1,2,0.75,0,6637dcdff531bd35
0,0,1,1,1,1,0,0,0,0,0,0,0,0,0,0,0,0,0,0,0,0,1,1,0,2,2,2,2,0,2,0,1,0,0,0,2,0.53,1,1e63b68b0860d7e5
2,0,1,1,0,1,0,0,0,0,0,0,0,1,2,0,0,0,0,0,1,0,0,1,0,1,0,1,0,1,1,1,1,0,0,0,1,0.53,0,9f33306128c41a35
0,0,0,0,0,0,0,0,0,2,0,1,1,1,1,0,0,0,0,1,2,0,0,0,0,2,2,2,2,1,2,0,1,0,0,1,1,0.75,1,a806e290709e2f76
1,0,0,0,0,1,2,0,1,1,0,0,0,1,1,0,0,1,0,0,0,0,0,0,0,0,1,1,0,0,0,0,0,1,1,0,2,0.75,0,97bc564001798a73
2,0,0,0,0,1,1,0,0,0,0,2,1,1,2,1,0,0,0,0,1,0,0,1,0,0,0,0,0,0,1,1,1,0,0,1,2,0.75,1,648fd42cfac8c8b4
1,0,0,0,0,0,1,0,1,1,0,0,1,0,1,0,1,0,1,1,1,1,2,2,1,0,0,0,0,0,2,1,1,1,2,0,2,0.75,1,467a5301691f4e44
0,0,0,0,0,1,1,0,0,1,1,1,1,1,0,0,0,0,0,1,1,0,0,1,1,0,0,0,0,0,0,0,0,0,0,0,1,0.75,1,7dca5078f8cd5f54
1,0,0,0,0,0,0,0,0,1,0,0,0,0,0,0,1,0,0,0,0,0,0,1,1,0,1,0,0,0,0,0,1,0,0,0,1,0.75,1,6b5d49a6ae8a8f23
1,0,1,0,0,0,0,0,0,0,0,0,0,2,1,0,0,0,0,0,1,0,0,0,0,0,0,0,0,0,1,0,0,0,1,1,1,0.63,1,b17c3f8761880f27
1,0,1,0,0,0,1,0,1,0,0,0,0,2,2,1,0,0,0,0,0,0,1,1,1,0,0,1,0,0,0,0,0,0,0,1,2,0.63,0,558a982657e4aa6b
1,0,1,1,0,0,0,0,0,0,0,0,1,1,1,0,0,0,0,0,0,0,0,0,0,0,1,0,0,0,1,0,0,0,1,0,2,0.53,0,5398b4cfaafa6ec5
0,0,0,0,0,1,1,0,1,1,0,0,0,1,1,0,0,0,0,0,2,0,1,1,1,0,0,0,0,0,1,0,1,0,0,0,1,0.75,1,c0213d742c44a14a
1,0,0,0,0,0,1,0,0,1,0,0,0,1,0,0,0,0,0,0,0,0,0,1,0,0,0,0,0,0,1,0,0,0,0,0,1,0.75,0,36c666efc86513bf
0,0,0,1,0,0,0,0,0,1,0,1,0,0,0,0,0,0,0,0,1,0,0,1,0,1,2,1,1,0,0,0,0,0,0,1,1,0.65,0,b5ebae29119255ad
0,0,1,0,0,1,1,0,0,1,0,1,1,1,2,0,1,1,0,0,1,1,2,2,0,0,0,0,0,0,2,0,0,0,1,1,1,0.63,0,298cc1dbaa3f318f
1,0,0,0,0,1,1,0,0,0,0,0,1,0,0,0,0,0,0,1,1,0,0,1,0,0,1,0,0,0,1,1,1,0,0,0,2,0.75,1,4b63a808818516a4
0,0,0,0,0,0,2,0,0,0,0,0,0,0,0,0,0,0,0,0,2,0,2,0,0,0,1,1,0,0,0,0,0,0,0,1,0,0.75,0,c7c594299745bea2
0,0,0,0,0,1,1,0,1,1,0,1,0,0,1,0,0,0,0,1,2,0,0,1,0,2,2,2,1,0,1,0,1,0,0,1,1,0.75,1,7a9456f52a8a1803
0,0,1,1,0,0,1,0,0,0,0,0,0,1,1,0,1,0,0,0,0,0,1,2,1,1,2,1,1,0,1,1,0,0,1,0,1,0.53,0,0f845f2fba92f854
1,0,0,0,0,1,1,0,1,1,1,1,1,0,0,0,0,0,0,0,1,0,0,0,0,0,1,0,0,1,1,1,0,0,1,1,0,0.75,0,236f72b723cc4ff5
1,0,1,0,0,1,2,1,2,2,0,1,0,1,0,0,0,0,0,0,0,0,0,0,0,0,0,0,0,1,1,0,0,0,0,0,0,0.63,1,ae95c624dc79daec
2,0,1,1,0,1,2,0,0,2,0,1,1,2,2,1,0,0,1,0,1,0,0,0,0,0,0,0,0,0,0,0,0,0,0,1,1,0.53,1,f777f679f1aa2337
0,0,0,0,0,1,0,0,1,1,1,1,1,1,1,0,1,1,0,1,2,0,0,1,0,0,0,0,0,0,1,0,0,0,0,0,1,0.75,1,6ce2d7e5d8db2c4e
0,0,0,0,0,0,0,0,0,1,1,1,1,2,1,0,0,0,0,0,0,0,1,0,0,0,0,0,0,0,2,0,0,0,0,0,2,0.75,1,272211771ea06d73
0,0,0,1,0,0,0,0,0,1,0,1,0,0,1,0,0,0,0,0,1,0,1,2,1,2,1,0,0,0,2,0,0,0,0,0,1,0.65,1,e8073f144133823a
1,0,0,0,0,0,1,0,2,1,0,1,0,2,2,1,2,0,0,0,0,0,0,1,0,1,1,1,1,0,2,1,1,0,0,1,0,0.75,1,9183b83afffaeb70
0,0,0,0,0,0,0,0,1,0,0,0,0,0,0,0,0,1,0,0,1,0,0,0,0,1,1,0,0,0,0,0,0,0,0,0,1,0.75,0,e56ad0b6bb8ee4a0
1,0,1,0,0,0,1,0,0,1,0,1,0,0,1,1,1,1,0,0,0,1,1,2,1,1,1,0,0,1,1,0,0,0,1,0,2,0.63,0,f83c573dd1dcbf91
1,0,0,0,1,1,1,0,0,1,0,0,1,1,2,1,0,2,1,2,1,0,1,0,0,1,1,1,1,0,1,0,0,1,0,1,0,0.75,1,9d72d426eb774511
1,0,1,0,1,1,1,0,1,1,0,1,1,2,1,0,0,0,0,0,1,0,0,1,0,1,2,1,0,0,1,1,0,0,0,1,1,0.63,0,b6565fdcd7faf3e9
1,0,1,0,0,1,1,0,0,1,0,2,2,1,1,1,1,0,0,0,0,0,0,0,0,1,1,1,0,0,0,0,0,0,0,1,2,0.63,0,b3f0e565ae08486d
0,0,0,0,0,2,2,0,0,0,0,0,1,1,1,0,1,0,0,0,0,0,0,2,1,1,1,0,0,0,1,0,1,0,0,0,1,0.75,1,edc7d08f4650afea
1,0,0,0,0,0,0,0,0,0,0,0,0,1,0,0,0,0,0,0,1,0,0,0,1,2,1,0,1,0,1,0,1,1,1,0,2,0.75,0,8b9de3aa32c4c219
0,0,0,0,0,0,0,0,0,0,0,0,0,1,1,0,2,1,0,0,1,0,0,1,1,1,2,2,2,0,1,0,0,0,0,0,1,0.75,1,a94548457a90b6bc
0,0,0,0,0,0,0,0,0,1,0,1,2,0,1,0,1,1,1,0,1,0,0,0,0,0,1,1,0,0,0,0,0,0,0,0,2,0.75,1,9fbd70f66439cabb
1,0,1,0,0,1,2,0,0,2,1,1,0,1,0,0,0,0,1,1,1,0,0,1,0,1,1,0,0,0,1,0,1,0,0,0,0,0.63,1,6c871149cc354ed3
1,0,1,0,0,0,1,0,0,2,1,1,0,0,0,0,0,0,0,0,0,0,0,0,0,0,1,1,0,0,2,1,1,0,0,1,1,0.63,1,b6dfdbbc08a9ce1c
1,0,0,0,0,1,0,0,0,1,0,1,0,0,0,0,0,0,0,1,0,0,0,1,0,0,0,0,0,2,2,0,1,0,0,1,1,0.75,1,4f4177fefdac0097
0,0,0,1,0,0,0,0,0,0,0,0,0,0,1,0,0,1,1,0,1,0,0,0,0,0,0,1,0,0,1,0,0,1,2,0,0,0.65,1,a3a9fb30d05b759e
1,0,0,0,0,0,0,0,0,1,0,1,2,0,0,0,0,0,0,0,1,0,1,2,2,1,2,1,1,0,1,0,1,1,2,1,0,0.75,1,58128ec9cea27784
0,0,0,0,0,1,0,0,0,1,1,1,2,2,1,1,1,0,0,0,0,0,0,1,0,0,0,0,0,1,0,0,0,0,0,0,2,0.75,1,333e29e2e995d833
1,0,1,0,0,2,2,1,2,1,1,2,0,1,1,0,1,1,1,1,2,0,0,0,0,0,0,0,1,0,1,0,1,0,0,0,1,0.63,1,467c41b7cc359016
0,0,1,0,0,0,1,0,1,1,0,1,0,0,1,0,0,0,0,1,1,0,1,1,0,0,2,1,0,0,0,0,1,0,0,1,0,0.63,1,844473cb4d6875f9
1,0,0,0,0,1,2,0,2,0,0,0,1,1,2,1,1,0,0,0,1,1,0,1,0,0,1,1,1,1,1,0,0,0,1,0,1,0.75,1,2dd6d04b69447aae
1,0,0,0,0,1,2,1,1,0,0,1,0,0,1,0,0,0,0,0,1,0,0,0,1,1,1,0,0,0,0,0,0,0,0,1,2,0.75,1,0b8fa5d16247f9c4
0,0,0,0,0,2,2,0,0,1,0,1,1,0,0,0,0,0,0,0,0,0,1,1,0,1,1,1,0,0,0,0,1,0,0,0,0,0.75,0,4975324020f5f1ec
0,0,0,0,0,1,0,0,0,0,0,1,1,1,0,0,0,0,0,0,1,0,1,1,0,1,1,1,0,0,0,0,0,0,0,0,0,0.75,0,131fe37073c4926e
1,0,0,0,0,0,1,1,1,0,0,0,0,0,0,0,0,2,1,0,1,0,0,0,0,2,2,0,0,0,0,0,0,0,1,0,1,0.75,1,4660cdb263fd7ea2
2,0,0,0,0,2,2,1,1,0,1,0,0,2,1,0,0,0,1,1,1,0,1,2,0,2,2,0,1,0,0,0,0,0,0,1,2,0.75,0,3fdd6dc4c1acdf6d
0,0,0,0,0,0,0,0,1,1,0,1,1,0,1,0,1,1,0,0,0,0,0,1,0,0,0,0,0,0,0,0,0,0,1,1,1,0.75,1,04312617b8a2ec10
1,1,1,0,0,0,0,0,0,1,0,0,0,1,2,1,0,1,0,0,1,0,0,0,1,1,2,1,0,0,0,0,0,0,1,1,2,0.63,0,09f02f0bf395d393
0,0,0,0,0,1,1,0,1,0,0,0,0,1,1,0,0,1,0,1,0,0,0,0,0,0,1,0,0,0,1,0,0,0,0,1,0,0.75,0,27bac46ade812ed0
0,0,0,0,0,1,1,0,1,1,0,1,0,1,0,0,0,1,0,1,0,0,0,1,0,1,1,0,0,0,0,0,0,1,0,1,0,0.75,0,f10f16a9a4a2c347
0,0,0,0,0,0,1,0,1,1,1,2,1,0,1,0,0,1,0,0,1,0,1,0,0,2,1,1,1,0,2,1,1,0,0,1,2,0.75,1,4cbe76e253440dc0
0,0,0,0,0,0,1,0,2,1,1,2,1,1,1,0,0,0,0,0,1,1,1,2,1,0,1,0,0,0,2,1,2,0,1,0,1,0.75,1,784b1b52db432cd7
1,0,0,0,0,1,1,0,0,1,1,1,0,0,0,0,0,0,0,0,1,0,0,0,0,1,1,1,1,1,1,0,0,0,1,1,2,0.75,1,1f9b81526f88f64f
2,1,0,1,0,0,0,0,0,0,1,0,1,1,1,0,0,0,0,0,0,0,0,0,0,0,0,0,0,1,1,1,2,0,0,1,1,0.65,0,ce512e2cb07f702c
1,0,0,0,0,2,2,1,1,1,0,0,0,0,0,0,0,0,0,0,1,0,0,0,1,0,1,0,0,1,2,1,1,0,0,0,1,0.75,0,f1fcbd9186ffe0bd
0,0,1,0,0,0,0,0,1,0,0,0,0,0,1,0,0,0,0,0,0,0,0,1,0,0,1,0,0,0,1,0,0,0,0,0,1,0.63,0,c2e5a5524ac30238
1,0,1,1,0,0,2,0,1,1,1,1,2,1,1,0,1,0,0,0,2,0,0,0,1,0,1,0,0,1,1,0,0,0,0,0,2,0.53,1,a62a83b6e4653a18
1,0,1,1,0,0,0,0,0,1,0,0,0,1,0,0,1,0,0,0,0,0,1,0,0,0,0,0,0,0,1,0,0,0,0,0,2,0.53,1,a4c5f45012d0f28a
1,1,0,0,0,0,1,0,0,1,0,2,2,1,1,1,1,1,0,0,1,0,1,1,1,0,0,0,0,0,1,0,0,1,1,0,0,0.75,1,5f6610909e4a66f1
0,0,0,1,0,2,1,0,1,2,1,2,1,2,1,1,0,1,0,0,0,0,1,1,0,0,0,1,0,1,2,0,0,0,1,0,0,0.65,0,60af275d728fa1ba
1,0,0,0,0,2,1,0,1,0,0,0,0,1,1,1,0,0,0,0,0,0,0,0,0,1,1,1,0,0,1,0,0,0,0,0,2,0.75,1,57183f18a1b89778
1,0,0,0,0,1,1,0,2,1,0,0,1,1,2,1,1,0,0,0,0,0,0,2,1,0,0,0,0,1,2,1,1,1,0,0,2,0.75,1,5967a0b77564157e
1,0,1,1,0,1,1,0,1,2,0,2,0,0,0,0,0,0,0,0,1,0,0,0,0,1,2,2,1,0,0,0,0,0,1,1,0,0.53,0,3688af20089d1887
1,0,0,0,0,0,0,0,0,1,0,1,1,1,1,0,0,0,0,1,1,0,2,1,0,0,0,0,0,0,0,0,0,0,1,1,0,0.75,1,63ee2cf9414b9b73
0,0,0,0,0,0,1,0,0,1,0,0,1,1,1,0,1,0,0,0,0,0,0,0,0,0,1,1,1,0,0,0,0,0,0,1,1,0.75,1,639dd382dded6607
1,0,1,0,0,0,1,0,0,1,1,0,1,0,1,0,0,2,1,1,1,0,1,1,1,0,1,1,0,0,0,0,0,0,1,1,2,0.63,1,2d1a09e991c093ea
0,0,0,0,0,1,1,0,1,1,0,2,1,1,1,0,1,0,0,0,0,1,1,1,1,0,0,0,0,0,1,0,0,1,1,0,2,0.75,0,3a72b468179b4454
0,0,0,0,0,0,1,0,1,1,0,0,0,1,0,0,0,0,0,0,2,0,0,0,0,0,0,0,0,0,1,0,0,0,0,1,2,0.75,1,2d57484691d50fb6
1,0,0,0,0,1,1,0,1,2,1,1,1,1,1,0,0,1,0,0,1,0,1,0,1,0,1,0,0,0,0,0,0,0,0,1,1,0.75,1,31ed433bfac13eab
1,1,0,0,0,1,1,0,0,1,1,1,0,0,1,0,1,1,0,0,0,0,0,0,0,0,1,0,0,0,1,1,1,1,0,1,1,0.75,1,944f135dc98bedc0
2,0,0,0,0,2,1,1,1,1,0,1,1,0,0,0,0,0,0,0,0,0,0,1,0,1,2,1,0,0,1,0,1,0,1,0,1,0.75,1,d66769f1c723107d
0,0,1,0,0,0,1,1,0,1,1,1,1,2,0,0,0,0,0,1,1,0,0,0,0,0,1,0,1,0,1,0,0,0,0,1,1,0.63,1,09033334fe5b9d65
1,0,0,0,0,1,1,0,1,0,0,1,0,0,1,0,0,1,0,0,1,1,1,0,1,0,0,0,0,0,0,1,1,0,0,0,0,0.75,1,9ab4fb32ea68520b
0,0,0,0,0,1,1,0,2,0,0,1,0,1,0,0,0,0,0,0,0,0,0,1,1,0,1,1,0,0,0,0,0,0,0,0,2,0.75,0,57556e110f8750ae
0,0,0,0,0,0,0,0,1,2,0,1,1,1,1,0,1,0,0,0,1,0,0,0,0,0,1,0,1,0,2,1,1,0,0,1,2,0.75,0,99e983d47615ea0b
0,0,0,0,0,1,0,0,0,0,0,1,0,0,0,0,0,0,0,0,1,0,0,1,0,1,1,0,0,0,0,0,0,0,1,0,2,0.75,1,4275c640743e54d6
1,0,0,0,0,1,1,0,0,0,0,0,0,2,1,0,1,1,0,0,1,0,1,1,0,0,0,0,0,0,0,0,1,0,1,1,1,0.75,0,911fc450d5f4331a
1,0,0,1,0,2,2,1,1,1,1,1,0,0,0,0,0,0,0,1,1,0,0,1,1,0,1,0,0,0,1,0,0,0,0,1,2,0.65,1,52d654c49103cdf7
2,0,0,0,0,0,0,0,0,1,0,1,1,0,1,0,0,2,1,1,2,0,0,0,1,0,0,0,0,0,1,0,0,0,0,0,2,0.75,0,7e4541b52c531162
0,0,0,0,0,1,0,0,0,1,0,0,0,0,0,0,0,0,0,0,0,0,1,0,0,0,1,1,0,0,0,0,0,0,0,0,2,0.75,0,fb79cf444e32c005
0,0,1,1,0,1,2,0,1,1,0,2,1,1,0,0,0,1,0,0,1,1,1,2,1,1,1,2,1,0,1,0,0,0,0,1,2,0.53,0,acca75d3c43bffbf
1,0,1,0,0,0,0,0,0,0,0,0,0,1,0,0,0,1,0,0,1,0,1,1,0,0,1,1,0,0,1,1,0,1,1,0,2,0.63,1,24d17f0e557b43fa
1,0,0,0,0,2,2,0,1,2,1,1,1,0,0,0,1,0,0,0,1,0,0,0,0,0,0,0,0,0,0,0,0,0,0,1,2,0.75,1,9b1e32a06f6d7367
1,0,0,1,0,0,1,0,0,0,0,0,0,1,2,1,0,0,0,0,0,0,0,0,0,0,0,0,0,0,0,0,0,1,1,0,2,0.65,0,c8dab7b4494dd89f
0,0,1,0,0,0,0,0,0,2,1,2,1,0,0,0,0,1,0,1,1,0,0,0,0,1,1,0,0,0,1,0,0,0,0,0,1,0.63,0,02f566d5020777da
0,0,1,0,1,0,0,0,1,1,0,1,2,1,1,0,0,1,0,0,2,0,0,2,1,1,2,1,1,0,0,1,0,0,1,0,0,0.63,0,65d3d54dc3edef9c
1,0,0,0,0,1,1,0,1,1,0,1,0,2,2,1,1,0,0,0,1,0,1,1,0,1,1,0,1,0,0,0,1,0,1,0,1,0.75,1,e15254a998379caa
0,0,0,0,0,1,0,0,0,1,1,2,2,2,2,1,1,0,0,0,0,0,1,1,0,1,2,1,0,0,1,0,0,1,0,1,1,0.75,1,2dd8e2c89f73ab72
0,0,0,0,0,1,1,0,1,0,0,0,0,0,0,0,0,0,0,0,0,0,1,2,1,0,1,0,0,0,1,1,0,0,0,0,0,0.75,0,2cb95f65c0751e41
0,0,0,0,0,0,1,0,0,1,1,1,1,0,1,0,0,0,0,1,2,1,1,2,2,0,0,0,0,0,0,0,1,0,0,0,2,0.75,1,96f4884c2817a7b6
0,0,0,0,0,1,1,0,1,1,2,2,2,1,1,0,0,0,0,0,0,0,0,0,0,1,1,0,1,0,1,0,1,0,0,0,2,0.75,1,bdd21097deacd4a8
0,0,0,0,0,1,1,0,1,2,0,1,1,2,2,0,1,2,0,1,2,0,1,1,0,0,1,0,0,0,0,0,0,0,0,1,2,0.75,0,660a523f9a2d813f
2,0,1,0,0,1,1,0,1,0,0,0,1,1,2,0,1,0,0,0,1,0,1,1,0,0,0,0,0,1,0,0,1,0,0,1,1,0.63,1,de3bc3d92ee09eb9
1,0,1,0,0,1,1,1,1,0,0,0,1,0,0,0,0,1,0,1,2,0,1,2,1,0,0,0,0,0,0,0,0,0,0,1,2,0.63,1,ae98fdf22caf0428
1,0,0,0,0,1,0,0,1,1,1,2,1,0,0,0,1,0,0,0,1,0,0,0,1,1,1,1,0,0,1,0,1,0,1,1,1,0.75,1,b001baac5a4032e1
0,0,0,0,0,1,1,0,0,1,1,2,1,0,0,0,0,1,0,1,0,0,0,1,0,1,2,1,0,0,2,1,2,0,0,1,1,0.75,0,3ee7b2453a7ecde2
1,0,0,0,0,0,0,0,0,0,0,0,1,1,1,0,1,0,0,0,0,0,0,1,2,0,0,0,0,0,0,0,0,0,0,1,0,0.75,1,d7da2b43946af922
0,0,0,0,1,0,1,0,0,2,0,1,1,1,1,1,1,0,0,0,1,0,0,1,1,0,1,1,0,0,2,0,1,0,0,0,1,0.75,1,fc36690d3ed3804c
2,0,0,0,0,0,1,0,0,1,0,0,0,1,1,0,1,1,2,2,1,0,1,0,0,2,2,1,0,0,0,0,0,0,0,1,1,0.75,1,8e9724916bfb2e32
1,0,0,0,0,1,2,0,1,1,1,0,0,0,0,0,1,0,0,0,0,0,1,2,1,1,1,2,1,1,1,1,1,0,0,0,0,0.75,1,2ec08100bccb41b3
2,1,0,0,0,0,1,0,0,2,0,1,0,0,0,0,0,0,0,0,0,0,1,1,1,0,0,0,0,0,1,0,0,0,2,0,1,0.75,1,ce4c33bbfe95d9ac
1,0,0,0,0,1,0,0,0,0,1,1,1,0,0,0,0,1,0,1,1,0,1,1,1,0,0,0,0,1,1,1,1,0,0,0,1,0.75,1,78bbc48a47a61e49
0,0,2,1,0,2,1,0,2,1,1,2,1,1,1,0,1,0,0,0,1,0,1,1,2,1,1,1,1,0,2,0,1,0,0,1,2,0.3,0,0a7eb96f361aaac8
0,0,0,0,0,0,1,0,0,1,2,1,2,1,1,1,1,1,0,0,1,0,0,2,2,1,0,0,0,0,0,0,0,0,0,0,2,0.75,0,0a548c888a03ef22
0,0,1,0,0,0,1,0,0,1,0,0,0,1,0,0,1,1,0,0,1,0,0,1,0,0,0,0,0,0,1,2,1,0,1,0,1,0.63,1,a9455ac83ced9e38
0,0,0,0,0,0,0,0,1,1,1,2,1,0,0,0,1,0,1,0,2,0,1,2,1,0,1,0,0,0,1,0,0,0,0,0,1,0.75,1,c04ec6f51741248b
1,0,0,0,0,2,2,2,1,1,0,0,2,0,0,0,0,0,0,0,0,0,0,1,0,1,1,1,0,0,1,1,1,0,1,0,1,0.75,1,55e8474f33b01e1a
0,0,1,0,0,1,1,1,1,0,0,1,0,1,1,0,0,2,1,0,0,0,0,0,0,1,1,0,0,0,1,0,0,0,1,0,1,0.63,0,6598dc5f3c727774
1,0,0,0,0,1,1,0,2,1,1,2,1,0,0,0,0,0,0,0,0,0,0,1,0,1,0,0,1,0,0,0,0,0,1,0,0,0.75,0,8a21d75ed0a45751
0,0,0,0,0,1,1,0,0,0,0,1,0,1,1,0,1,0,0,0,1,0,1,1,1,0,0,1,0,0,0,0,0,1,0,0,1,0.75,0,413e2be739c73678
1,1,1,0,0,0,0,1,2,1,1,1,0,1,0,0,1,0,1,1,0,0,0,1,0,1,1,1,0,0,1,0,1,0,0,1,1,0.63,0,4deb1d6103703a3b
1,0,0,0,0,2,1,0,1,1,0,1,0,1,1,1,1,0,0,0,1,0,0,0,1,0,1,0,0,0,0,0,0,0,0,0,0,0.75,1,3a01afce52fa478b
0,0,1,0,0,0,0,0,0,2,2,2,2,2,2,1,1,0,0,0,0,0,1,1,1,0,1,0,0,0,1,0,1,1,1,0,2,0.63,1,522abe72fcf7a2b4
0,0,0,1,0,1,1,0,0,1,0,0,0,1,1,0,1,0,0,0,1,0,0,0,1,1,1,1,0,0,1,1,0,0,0,0,1,0.65,0,51baefdbf53f5250
0,0,1,1,0,2,1,0,0,1,1,2,1,2,2,1,1,0,0,1,1,0,0,0,0,1,1,1,0,0,1,0,0,0,0,0,0,0.53,0,c9f6b1f58b62402d
1,0,1,0,0,0,1,0,2,0,0,1,0,2,2,0,2,0,0,0,1,0,0,1,1,0,0,0,0,0,1,1,1,0,0,1,1,0.63,1,2a1b64c7bfa08f65
1,0,0,0,0,2,1,0,1,0,0,0,0,1,1,0,0,1,0,1,1,0,0,0,0,1,0,0,0,0,1,1,2,0,1,0,2,0.75,1,7387a1fc56bea394
2,1,0,0,0,0,0,0,1,1,0,2,1,0,0,0,0,0,1,1,1,0,0,0,0,1,0,0,0,2,2,1,1,0,0,1,2,0.75,1,648db5c251a6aaa6
1,0,0,0,0,1,1,0,0,0,0,0,0,1,1,0,1,0,0,1,0,0,1,1,1,2,2,1,0,0,1,0,0,0,0,1,2,0.75,0,4a39073dd6f3f42f
1,0,0,0,0,1,1,0,0,0,0,0,0,0,1,0,0,1,0,0,1,0,0,1,0,0,0,0,0,0,0,0,0,0,0,1,1,0.75,1,ff25ab101edac2b8
0,0,0,0,0,0,1,0,1,0,0,1,0,0,1,0,1,0,0,0,0,0,0,0,0,0,0,0,0,0,2,0,0,0,0,1,1,0.75,1,b5a717cb7c59c909
1,0,1,1,0,0,1,0,0,0,0,0,0,1,1,0,1,0,0,0,1,0,2,2,0,0,0,1,0,0,0,0,1,0,0,1,0,0.53,1,c430c9e6976d6dce
0,0,0,0,0,1,0,0,0,0,0,1,1,1,1,0,0,0,0,0,1,0,1,2,0,0,0,0,0,0,0,0,0,0,0,1,1,0.75,1,c66b019cac9b4f02
0,0,1,0,0,1,1,0,0,0,0,0,0,1,1,0,1,0,1,0,2,0,0,1,0,0,0,0,0,0,1,1,1,0,0,0,1,0.63,0,f956545141b21994
0,0,1,0,0,1,1,0,0,2,0,1,0,1,0,0,0,2,1,2,1,0,1,1,1,2,2,1,0,0,1,0,1,0,0,0,2,0.63,1,afabac1901397046
1,0,0,0,0,0,0,0,1,1,1,2,2,2,1,1,0,0,0,1,0,0,0,0,0,0,1,0,0,0,0,0,1,0,0,1,2,0.75,1,3697c8848086f840
0,0,0,0,0,0,0,0,0,0,0,0,0,1,1,0,0,1,1,0,0,0,1,1,0,0,0,0,0,0,0,0,0,0,0,0,1,0.75,1,d2a15a380e5657f1
0,0,0,0,0,0,0,0,0,2,1,0,0,1,1,0,1,0,0,0,0,1,1,2,2,0,0,0,0,1,2,1,1,0,0,1,0,0.75,1,3f537ded6b56997f
1,0,1,1,0,1,0,0,0,0,0,1,0,2,2,0,2,2,1,1,1,0,0,1,0,0,0,0,0,0,1,1,1,0,1,0,1,0.53,1,501993606ed58a84
1,0,0,0,0,1,0,0,0,1,1,1,2,0,0,0,0,1,0,0,1,0,1,2,1,1,2,2,1,0,2,1,1,1,1,1,1,0.75,1,8a754b8e54247f87
0,0,0,0,0,1,1,1,1,0,0,0,0,2,0,0,1,0,0,0,0,0,0,0,0,1,2,2,2,0,1,0,0,0,0,0,1,0.75,0,6486061267ad6a34
1,0,0,0,0,1,0,0,0,1,0,0,1,0,1,0,0,1,1,0,2,0,0,0,0,0,1,0,0,0,1,2,1,0,1,1,1,0.75,1,383fc93a95532e05
1,0,0,0,0,1,2,0,0,1,1,1,1,1,1,0,1,0,0,0,1,0,0,0,0,0,0,0,0,0,1,0,0,0,1,0,1,0.75,1,6439b0b868764884
1,0,1,0,0,0,0,0,0,1,0,1,1,1,1,1,1,0,0,0,0,0,0,2,0,0,0,0,0,0,1,1,1,0,1,1,1,0.63,1,051ab1dbf2f94f74
0,0,1,1,0,0,1,0,0,1,0,0,0,1,0,0,0,0,0,0,0,0,0,0,0,2,2,0,1,0,0,0,1,0,0,0,1,0.53,1,cda8a02a099e4194
0,0,0,0,0,0,1,0,1,1,0,2,2,0,1,0,1,1,1,1,1,1,2,2,1,0,1,0,0,1,2,0,1,0,0,1,1,0.75,1,6965516cebd2fca7
1,0,0,0,1,1,0,0,0,1,0,1,1,1,1,1,0,1,0,2,2,0,1,0,0,0,1,1,0,1,0,0,0,1,1,0,1,0.75,1,ec0d0ba959826345
1,0,0,0,0,1,1,1,1,1,0,1,2,0,0,0,0,0,0,1,1,1,2,1,1,0,2,0,0,0,1,1,1,0,0,0,1,0.75,1,fe158b70cfa54140
0,0,0,0,0,1,2,0,0,0,0,2,0,1,0,0,1,0,0,1,1,0,1,1,1,0,1,1,0,0,0,0,0,0,0,0,1,0.75,1,a283682fd8e5b513
2,0,0,0,0,1,0,0,0,1,0,0,0,1,0,0,0,1,0,0,0,1,1,1,0,0,0,0,0,1,1,1,0,0,1,0,0,0.75,1,e5d488758faade1e
2,0,0,1,0,0,1,0,0,1,1,1,1,0,0,0,0,0,0,0,1,0,0,1,0,1,1,0,1,0,1,0,1,0,0,0,1,0.65,1,1da20aac95783dcf
2,0,0,0,0,2,2,0,1,1,0,1,0,0,0,0,0,0,0,0,0,0,0,0,1,2,2,2,2,1,1,0,2,0,0,1,2,0.75,1,6eb6bb08d2803469
1,0,0,1,0,0,0,0,0,0,0,1,0,1,1,0,1,1,0,0,1,0,0,0,0,0,1,1,0,0,1,0,0,0,1,1,0,0.65,0,3818baaaa80103a4
0,0,0,0,0,1,1,0,1,0,0,1,1,1,1,0,2,0,0,0,1,0,0,1,1,1,2,1,0,0,1,1,1,0,0,1,0,0.75,0,2a0d8d852d81e921
1,0,0,0,0,1,1,0,1,2,1,1,1,0,1,0,0,0,1,0,0,0,0,1,0,0,1,0,0,0,0,0,0,1,2,1,0,0.75,0,baaa73b7c4ef1f90
1,0,0,0,0,2,2,0,1,0,0,1,1,0,1,0,0,1,1,0,2,0,0,0,0,0,1,0,0,0,1,0,1,0,1,0,1,0.75,1,cab1814aecfaf511
0,0,0,0,0,0,2,0,0,1,1,1,2,1,1,0,1,0,0,0,1,0,0,0,1,0,1,0,0,0,2,1,1,0,1,0,1,0.75,0,6a9d0f46775f0670
0,0,0,0,1,0,0,0,0,1,2,0,0,1,2,0,1,0,1,1,2,0,0,1,0,0,0,0,0,0,0,0,1,0,0,0,1,0.75,1,7572dee3e8fc11f0
1,0,0,0,0,0,0,0,0,1,0,1,2,1,1,0,0,0,1,1,2,0,0,0,1,2,0,2,1,0,0,0,1,0,0,0,2,0.75,1,6252d09fcb7e23ac
0,0,0,0,0,1,1,1,1,0,0,1,0,1,1,0,1,1,0,0,0,0,1,1,1,0,1,0,0,0,1,1,0,0,0,0,0,0.75,0,c3bc14af1a8764e0
1,0,0,0,0,2,1,1,1,0,0,0,0,1,1,0,0,0,0,0,1,0,0,1,0,0,1,1,0,0,1,0,0,0,0,0,1,0.75,1,3f0ebc6028546e22
1,0,0,0,0,0,1,0,0,0,0,2,0,2,2,1,1,0,0,1,1,1,1,1,0,1,0,0,0,0,0,0,0,0,0,0,2,0.75,0,ced3424d6ae6f828
1,0,0,0,1,1,1,0,1,1,0,0,0,1,1,0,0,0,0,0,1,0,1,2,0,0,1,1,0,0,0,0,0,0,0,1,0,0.75,1,a18fec43fbbf9742
0,0,0,0,0,1,1,0,0,0,1,1,1,0,1,0,0,0,0,1,1,0,0,1,1,0,0,0,0,0,1,0,1,0,0,0,1,0.75,1,89384a5e5a5653b4
1,0,0,0,0,0,1,0,1,0,0,0,0,1,0,0,0,0,0,0,0,0,0,0,1,2,2,2,1,0,0,0,0,0,0,0,1,0.75,1,4b64f81e8da81a88
1,0,0,0,0,1,1,0,0,0,0,0,0,0,1,0,0,2,1,1,1,0,0,0,0,0,0,0,0,0,1,0,0,0,0,1,1,0.75,1,a61fb7f30ded3136
1,0,0,0,0,1,1,0,0,1,0,1,0,1,1,0,0,0,0,0,1,1,0,1,1,0,0,0,0,0,1,0,0,0,1,1,1,0.75,0,06752d7f4e4bcdde
2,0,0,0,0,0,1,0,1,0,0,1,0,0,1,0,0,0,1,1,1,0,1,2,1,0,0,0,0,0,0,0,0,0,0,0,2,0.75,1,1ac5ffffe843d7bc
1,0,0,0,0,1,1,0,1,1,0,1,0,2,1,0,1,2,1,1,2,1,2,1,0,0,1,0,0,1,1,0,0,0,1,0,2,0.75,0,2915545bcf62dbe5
0,0,1,0,0,1,0,1,0,0,0,0,0,2,2,1,1,0,0,0,1,0,0,1,0,0,0,0,0,0,0,0,0,0,1,0,1,0.63,1,d546517a4556e2e9
1,0,0,0,0,1,1,0,1,1,0,1,1,1,0,0,0,0,0,0,0,0,2,0,1,0,1,1,0,0,1,0,1,0,0,0,2,0.75,1,973fe577635adb4a
1,0,1,0,0,2,2,1,1,1,0,0,0,0,0,0,0,1,1,0,0,0,0,0,1,0,1,0,0,0,0,0,0,0,1,1,1,0.63,0,0be20e493b28bce7
0,0,0,1,0,1,2,0,1,0,0,1,1,2,1,0,0,0,0,0,1,0,0,0,0,0,0,0,0,0,0,0,1,0,0,1,2,0.65,1,86a486c90c00014a
1,0,0,0,0,0,0,0,0,0,1,0,0,1,2,0,2,1,0,0,0,0,0,0,0,0,1,0,0,0,1,0,1,0,0,0,1,0.75,1,d7acadd9b88566b3
0,0,0,0,0,2,1,0,1,1,1,1,0,1,1,0,1,0,0,1,1,0,1,1,2,0,0,0,0,0,1,0,2,0,0,0,1,0.75,1,f37db23caabb1f62
2,0,1,0,1,0,1,0,1,0,0,2,1,2,2,2,2,0,0,0,1,1,1,1,1,1,2,1,1,0,0,0,1,0,0,0,1,0.63,0,db4b60c17eeb51c7
0,0,0,0,0,0,0,0,0,2,1,2,1,1,0,0,0,0,0,0,0,0,0,0,0,1,2,1,0,0,0,1,1,0,1,0,2,0.75,1,9a963a32d49e8d54
0,0,1,0,0,1,1,0,0,1,0,1,0,0,0,0,0,1,1,0,1,0,1,1,0,0,1,0,1,0,1,0,1,0,0,1,2,0.63,1,c76ed067ccf210f9
0,0,1,1,0,1,1,0,0,1,0,0,1,1,2,0,2,1,0,1,1,0,0,1,1,1,0,0,0,0,0,0,0,0,0,0,1,0.53,0,67a6da6e0553e980
0,0,0,0,0,1,1,0,0,1,0,0,0,0,0,0,1,0,0,0,2,1,2,2,1,0,0,0,0,1,1,0,0,0,1,1,2,0.75,1,92f28e0a1aad41ea
0,0,0,0,0,2,2,1,1,2,0,1,1,0,0,0,0,1,1,1,2,0,0,2,1,0,0,0,0,1,2,1,2,0,0,1,1,0.75,1,516551be515e7502
1,0,0,0,0,0,1,0,0,0,1,1,0,0,1,0,0,1,0,1,1,0,1,2,0,0,0,0,0,0,1,0,0,0,1,1,1,0.75,1,6590d7c0aaab3e8b
0,0,0,0,0,0,0,1,2,0,1,0,0,0,1,0,0,1,0,0,1,0,0,0,0,0,0,0,1,1,0,0,1,0,1,1,2,0.75,0,02ec52e17ea778d4
1,0,0,0,0,2,1,0,2,0,0,0,1,2,1,0,0,1,0,0,2,0,1,1,1,1,0,0,0,0,0,0,0,1,1,0,1,0.75,1,cd55d7ea8fe157b4
1,0,1,0,0,0,0,0,0,0,0,0,0,1,0,0,0,1,1,0,1,0,1,0,0,1,2,1,1,0,0,0,0,1,1,1,1,0.63,0,41944aac6fdbfab3
1,0,0,0,0,0,1,0,0,0,0,0,0,0,0,0,0,0,1,0,2,0,1,1,0,0,0,0,0,0,1,0,0,0,2,1,1,0.75,0,84edab4f3675ca42
1,0,0,0,0,2,2,1,1,1,0,0,1,1,0,0,0,0,0,1,0,0,0,1,0,0,1,1,1,0,0,0,0,0,1,0,1,0.75,1,0202348cee974d09
1,0,0,0,0,1,2,0,2,0,0,0,0,2,1,0,0,1,0,0,2,0,0,1,2,2,2,0,1,0,1,0,1,0,0,0,2,0.75,1,e1946a78adbddbde
2,1,1,0,0,1,0,1,0,0,0,1,0,0,0,0,0,0,0,0,1,0,0,0,0,0,0,1,0,0,1,0,1,0,0,1,0,0.63,0,5c8ae22e9c125977
2,0,0,0,0,0,0,0,1,1,1,1,0,1,2,0,1,0,0,0,0,0,0,1,0,1,2,1,0,0,1,1,1,0,1,1,2,0.75,1,fd9a9890a17f98b4
1,0,1,1,0,2,1,0,0,0,1,2,1,0,0,0,0,0,0,0,1,0,0,1,0,0,1,0,0,0,1,0,1,0,0,1,0,0.53,0,14db0cc415ef9b72
1,0,0,1,0,1,1,0,0,2,0,1,1,2,1,0,1,0,0,0,0,0,1,1,1,1,1,1,0,0,0,0,1,0,0,0,0,0.65,0,b105e38fb6ed865e
1,0,0,0,0,0,0,0,0,0,0,0,1,1,1,0,0,0,0,0,0,0,2,2,1,0,1,0,1,0,1,0,0,0,0,1,1,0.75,1,525369598af7d4bc
1,0,1,0,0,1,0,0,1,0,0,0,1,1,1,0,1,0,0,0,1,0,1,0,0,1,1,1,1,0,1,0,0,0,0,1,1,0.63,1,79452ef19e2db284
2,0,0,0,0,0,0,0,0,0,0,0,0,2,1,0,0,1,1,0,1,0,0,1,0,1,1,0,0,0,0,0,0,0,0,1,1,0.75,1,0da36f51fc6b0f98
2,0,1,0,0,1,1,1,1,1,0,1,1,2,0,0,1,0,1,2,2,0,0,1,1,0,1,0,0,0,1,0,0,1,1,0,2,0.63,1,e16430fc1ad396b7
1,0,0,0,0,1,0,0,1,1,1,1,1,0,0,0,0,2,2,1,2,0,1,1,1,0,1,0,0,0,0,0,0,1,1,1,0,0.75,1,f3eba97ca3536ffa
1,0,2,1,0,0,0,0,0,0,0,0,0,1,0,0,0,0,0,0,0,0,1,1,0,0,0,0,0,0,0,0,0,0,1,0,1,0.3,0,23b508cfc14312e3
0,0,0,0,0,0,0,0,1,1,0,0,0,2,1,0,0,1,0,1,1,0,0,1,0,1,2,0,1,0,1,1,0,0,1,1,1,0.75,0,85df7e7d55c74991
1,0,1,0,0,0,1,0,0,0,0,0,1,1,0,0,0,1,0,0,1,0,1,0,1,0,1,0,0,0,1,0,1,0,1,0,1,0.63,0,3d9c51156e7f795f
0,0,0,1,0,1,1,0,2,0,0,0,0,2,0,0,0,1,1,2,2,0,1,0,0,1,1,1,0,1,2,1,1,0,0,1,1,0.65,0,6688a8b2f12c265f
0,0,0,0,0,0,1,0,0,1,1,2,1,1,2,0,0,1,0,0,0,1,2,1,0,0,1,1,0,0,0,1,1,0,0,1,0,0.75,1,9982c0ba86d3f2e7
1,0,0,0,0,1,1,0,1,1,1,1,0,1,1,0,0,1,0,1,2,0,0,1,0,0,0,0,0,0,1,1,1,0,0,1,2,0.75,1,1a22090d94bbfb65
0,0,0,0,0,1,2,2,2,0,0,0,0,0,0,0,0,0,0,0,1,0,0,0,0,0,1,1,0,0,0,0,0,0,1,0,1,0.75,1,02e3bd946baa3270
1,0,0,0,0,1,1,0,1,1,2,1,2,0,0,0,0,1,0,1,1,0,0,0,0,0,1,0,0,1,2,2,2,0,0,0,0,0.75,0,171f5ac4d63c59bb
0,0,0,0,0,0,1,0,1,0,0,0,1,0,0,0,0,0,0,0,1,0,0,1,1,0,1,1,1,0,0,0,0,0,0,1,0,0.75,0,597b0ff5ea72d790
1,0,0,0,0,1,1,0,1,0,0,0,0,1,1,0,0,0,1,0,0,0,0,1,0,0,1,0,0,0,0,0,0,1,2,1,1,0.75,1,0024a878ec23fc6c
1,0,0,0,0,0,0,0,1,2,0,1,1,1,1,0,1,1,0,1,2,0,1,1,1,1,1,1,0,0,2,1,1,0,1,0,1,0.75,0,ed6b9ac56ea66900
1,0,1,1,0,0,1,0,0,1,0,0,0,1,2,0,1,1,1,0,1,0,1,1,0,0,2,0,0,1,2,2,2,0,0,0,1,0.53,1,a6ac9e1ec18db2d7
0,0,0,1,0,1,1,0,0,0,0,0,0,0,0,0,0,2,1,1,2,0,0,1,0,1,1,1,0,0,0,0,1,0,0,1,1,0.65,1,76f551f70ee3b4be
2,0,0,0,0,0,0,0,0,1,1,1,1,0,1,0,0,1,1,2,2,0,1,2,0,0,0,0,0,0,1,1,0,0,0,1,1,0.75,1,81e4d60a597bed07
1,0,0,1,0,2,2,0,2,1,0,0,1,0,0,0,0,0,0,0,1,0,1,1,0,0,1,0,0,1,1,0,0,0,0,0,2,0.65,0,920a06d230b96865
0,0,0,0,0,0,0,0,1,1,1,1,0,0,1,0,1,1,0,1,1,0,2,2,1,1,0,0,0,0,1,0,0,0,0,0,0,0.75,0,c8929333303ce421
0,0,1,0,0,0,0,0,0,1,1,0,0,0,0,0,0,0,0,0,0,0,1,1,0,0,0,0,0,0,1,1,0,1,0,0,0,0.63,0,dcff054d0d523035
0,0,0,0,0,0,1,0,0,0,1,2,2,1,1,0,1,0,1,0,1,0,0,0,0,0,1,1,0,1,2,2,2,0,0,0,0,0.75,0,4ff48830768d90fa
1,0,0,0,0,0,0,0,0,0,0,1,0,1,1,0,0,0,0,0,0,1,0,1,1,0,2,1,1,0,1,0,1,0,0,0,1,0.75,1,b6c1c8d07d0d0497
1,0,0,1,0,0,0,0,0,1,0,0,0,1,2,0,1,0,0,0,0,0,0,0,0,1,0,1,0,0,1,0,1,0,1,1,2,0.65,0,589db99300d79380
1,0,0,0,1,0,0,0,0,0,1,1,0,0,0,0,0,0,0,0,0,0,1,1,0,1,2,1,0,0,2,1,0,0,1,1,1,0.75,1,68c1da02deac1df1
2,0,1,1,0,0,1,0,1,0,0,0,0,2,1,0,1,0,1,0,1,0,1,0,2,0,0,0,0,0,2,1,0,0,0,1,0,0.53,0,3e612551e36d830b
1,0,0,0,1,1,1,0,0,0,0,1,0,1,1,0,0,0,0,0,1,0,0,1,0,0,1,0,0,0,0,0,0,1,1,1,0,0.75,0,92a7b214c1bd54a1
1,0,1,0,0,1,1,0,1,1,1,1,0,1,2,1,2,0,0,0,1,0,0,0,1,0,1,2,0,0,0,0,0,0,0,1,1,0.63,1,699d06efcae1272e
0,0,0,0,0,0,1,0,0,2,0,2,1,1,2,1,1,0,0,0,1,0,0,0,0,0,1,0,0,0,2,0,1,0,0,1,1,0.75,1,6eb1737dc16efc68
0,0,1,0,0,0,1,0,0,1,1,2,1,0,0,0,1,0,0,1,1,0,0,1,0,1,0,0,0,0,1,0,2,0,0,0,1,0.63,1,1749e10bd0de0531
0,0,1,0,0,0,1,0,0,2,1,2,2,0,1,0,0,0,0,0,1,0,1,1,0,0,0,0,0,0,0,0,0,0,0,1,1,0.63,1,34ea7c1bd83dc25e
1,0,0,0,0,1,1,0,0,1,0,1,1,0,1,0,0,2,1,0,1,1,1,1,1,1,2,1,0,0,1,0,0,1,1,1,1,0.75,0,e16084d079dbffda
1,0,0,0,0,2,2,0,0,2,1,0,1,1,0,0,0,0,0,0,2,0,0,2,1,1,0,1,0,0,1,0,0,0,1,0,2,0.75,0,44702b095b67b5e5
0,0,0,0,0,2,2,0,0,2,1,2,2,2,2,0,2,1,1,1,2,1,1,2,1,0,0,0,0,0,1,0,0,0,0,0,1,0.75,0,318550e51db583da
1,0,0,0,0,0,0,0,0,1,0,0,1,1,2,0,1,0,0,0,2,0,1,1,0,1,2,1,1,0,2,0,0,0,0,0,1,0.75,1,50340ee0e22f3574
0,0,1,0,0,0,0,0,0,1,0,1,1,2,2,0,2,1,0,1,1,0,0,0,0,0,1,1,0,0,0,0,0,0,0,0,2,0.63,1,0164c8937acc41f7
0,0,0,0,0,2,2,1,1,0,0,0,1,1,2,1,1,2,0,0,1,0,0,0,1,0,0,1,0,0,1,0,0,0,0,0,0,0.75,1,cfa804ac19adc3d9
2,1,2,0,0,1,2,0,1,0,0,1,0,1,2,0,0,0,0,0,0,0,1,2,1,0,1,1,0,0,0,0,0,0,1,1,1,0.4,0,5d449c3bf17afb82
0,0,0,0,0,0,0,0,0,0,0,0,0,1,0,0,0,1,0,1,2,0,1,1,1,2,1,0,0,0,1,0,1,1,1,1,1,0.75,1,7465e36311720fd5
0,0,1,0,0,0,1,0,1,1,0,0,1,0,1,0,0,2,1,1,2,0,0,0,0,1,1,1,0,0,1,0,0,1,2,0,1,0.63,1,b9a354b886f786b9
0,0,1,0,0,1,0,0,0,0,1,1,2,1,1,1,2,1,0,0,0,0,0,0,0,1,1,2,0,0,0,0,1,0,0,1,2,0.63,1,1c731c5f5827c0a7
1,0,0,0,0,2,0,0,0,1,1,1,1,2,2,2,1,0,0,0,1,0,0,1,0,0,0,0,1,0,0,0,0,0,1,1,1,0.75,1,d512b7a6c4ed726b
0,0,1,0,0,0,1,0,1,0,0,0,0,1,2,0,0,1,1,1,2,1,0,0,1,0,1,0,0,0,1,0,1,0,1,1,2,0.63,1,1531751efb395248
1,0,1,1,0,0,0,0,0,1,1,1,1,0,0,0,0,1,1,1,2,0,0,1,0,1,1,1,0,0,0,0,0,0,0,1,1,0.53,0,b0bf1c2e1299dc79
1,0,0,0,0,1,2,0,1,1,0,0,0,1,0,0,0,0,0,0,1,0,0,1,1,0,0,0,0,0,0,0,0,0,0,1,0,0.75,1,e88c865d2f65e21f
0,0,1,1,1,0,1,0,0,1,0,1,1,1,1,0,0,1,1,1,2,1,1,1,1,0,0,0,0,0,0,0,0,0,1,1,1,0.53,0,d148df546566efdf
0,0,0,0,0,0,0,0,0,1,1,1,2,1,0,0,0,0,0,0,1,0,0,1,0,0,1,0,0,1,2,1,1,0,0,0,0,0.75,1,d18bb60681f3e1da
1,0,0,1,0,0,0,0,0,0,0,1,1,1,2,2,1,0,0,0,1,0,1,0,0,0,1,1,0,0,0,0,0,0,0,0,1,0.65,0,f2b7f6e1dec11d48
1,0,1,0,0,0,0,0,1,2,1,1,2,0,0,0,0,0,0,0,0,0,1,0,1,0,1,0,0,0,1,1,0,0,0,1,1,0.63,0,da8a1ad831be3178
2,0,0,0,0,0,1,0,0,0,0,0,0,1,1,1,1,0,0,1,0,0,0,0,0,0,1,1,0,0,2,0,0,0,0,0,2,0.75,1,7e1e80a70b46be2a
1,0,0,0,0,1,2,0,2,0,1,1,1,1,1,0,0,0,0,0,0,1,1,1,2,0,0,0,0,1,1,0,1,0,1,1,1,0.75,1,6ecbb3d62af85f0a
1,0,0,1,0,0,0,0,0,1,0,0,1,1,0,0,0,1,1,1,0,0,0,0,0,1,2,1,1,0,1,1,0,0,0,0,2,0.65,0,5a87b4a2bcaa2f12
0,0,1,1,0,0,0,0,0,0,0,0,1,0,0,0,0,1,0,1,1,0,1,0,0,1,2,0,0,0,0,0,0,1,0,0,2,0.53,0,2371681bf51fc826
0,0,1,0,0,1,1,0,1,0,1,0,1,1,2,0,0,1,0,0,2,0,0,0,0,1,2,2,1,0,1,0,1,0,0,1,2,0.63,1,c98303a138329781
0,0,0,0,0,1,2,0,0,1,0,1,0,1,0,0,0,0,0,0,0,1,1,1,0,0,0,0,0,0,1,0,1,0,0,0,2,0.75,1,8b33e2c695020668
1,0,0,0,0,0,1,0,1,0,0,1,1,1,2,2,1,0,0,0,1,0,0,1,0,0,0,0,1,0,1,0,0,0,0,0,2,0.75,1,90d651f320040538
0,0,0,1,0,1,1,0,1,1,0,0,0,2,2,0,1,0,0,0,1,1,1,2,1,0,0,0,1,0,0,0,0,0,1,0,0,0.65,1,3adfda76c8c4a419
1,0,0,0,0,0,0,0,0,0,0,0,0,1,2,0,0,0,0,0,1,0,0,0,0,0,0,0,0,0,0,0,0,1,1,0,1,0.75,1,b11e45414c887cbf
1,0,0,0,0,0,0,0,0,1,0,1,2,0,0,0,0,1,1,1,2,1,1,1,1,1,1,0,0,0,0,0,1,0,0,0,1,0.75,1,776bfe03d0e0a41e
1,0,1,0,0,1,1,0,1,0,0,0,0,1,1,0,0,0,0,0,0,0,0,0,1,1,0,1,0,0,1,0,1,0,0,1,1,0.63,1,4fc10d93bfb07fcc
2,0,0,0,0,1,1,0,1,0,0,0,0,0,0,0,0,0,0,0,0,0,1,1,0,0,2,0,0,0,1,0,0,0,1,0,1,0.75,0,51123ce0990eb2d4
1,0,0,0,0,2,0,1,1,1,0,0,0,0,1,0,0,1,0,1,2,0,0,1,0,1,1,1,1,0,0,0,0,0,1,0,1,0.75,1,1db76e1997f6c307
0,0,0,0,0,2,2,0,1,0,0,0,0,2,2,0,1,1,1,1,1,0,0,0,0,2,1,0,0,0,0,0,0,0,0,0,2,0.75,0,1611b59bbe17070e
1,0,1,1,0,0,0,0,0,1,0,0,0,0,0,0,0,1,0,0,1,0,0,0,0,0,1,0,1,0,0,1,0,0,0,1,1,0.53,0,71fc774121cac09c
1,0,0,0,0,0,1,0,1,0,0,0,1,1,1,0,0,2,1,1,2,0,0,0,0,0,0,0,0,0,1,0,1,0,1,0,2,0.75,1,fc532979575801ea
0,0,0,0,0,1,0,0,0,0,0,0,0,1,0,0,0,0,0,1,1,1,1,1,1,0,1,1,0,1,1,1,1,1,1,1,1,0.75,1,c0bb46782442fc19
1,0,1,1,0,0,0,0,0,0,0,1,0,1,0,0,0,2,0,0,1,0,0,1,1,0,0,0,0,1,0,0,0,0,0,0,1,0.53,1,f14d9701048cea98
0,0,0,0,0,1,1,0,1,1,0,1,1,0,1,0,0,1,0,0,2,0,0,0,0,1,1,0,0,0,0,0,0,0,0,1,1,0.75,1,bc590bfb8fcf43d2
0,0,1,0,0,1,1,1,1,0,1,0,0,0,1,0,0,0,0,1,0,0,0,1,1,0,0,0,0,0,0,0,1,0,1,0,2,0.63,0,94bd84aca1103578
1,0,0,0,0,0,1,0,1,0,0,0,0,2,2,0,1,1,1,1,1,0,1,0,0,0,0,0,0,0,1,1,2,0,1,0,2,0.75,1,3d5d1b7eee17da7e
1,0,0,0,0,2,1,0,0,1,0,1,0,0,0,0,0,0,0,0,0,0,1,2,1,0,0,1,0,0,2,0,1,0,1,1,2,0.75,0,671dd6afa6e1d75f
1,0,0,0,0,0,0,0,0,0,0,0,0,1,1,0,0,0,0,0,1,0,0,0,0,0,0,0,0,0,0,0,0,0,0,0,1,0.75,1,766844c43c13f9d9
1,0,0,0,0,0,1,0,0,0,0,1,0,2,1,0,0,0,0,1,1,0,0,0,0,0,0,0,0,0,0,0,0,0,0,1,2,0.75,0,df5454615fe07601
0,0,0,0,1,0,0,0,0,2,1,1,1,2,2,0,1,0,0,0,1,0,0,0,0,0,0,0,0,0,2,1,1,0,0,0,0,0.75,1,da79d5479482a403
0,0,0,0,0,2,1,0,1,0,1,2,1,1,1,0,0,0,0,0,1,0,0,0,0,0,1,0,0,0,0,0,0,0,0,0,1,0.75,1,25514f48cea65188
0,0,0,0,0,1,1,1,1,1,1,1,1,0,1,0,0,0,0,1,0,0,0,1,0,0,0,0,0,0,2,0,0,0,0,1,2,0.75,1,d354e5be191a8b9e
0,0,0,0,0,0,0,0,0,1,0,0,0,1,1,0,0,0,0,0,0,0,0,1,1,0,1,1,1,1,1,0,1,0,0,1,2,0.75,1,ee7201df7c442a45
0,0,0,0,0,1,2,1,2,2,2,2,2,0,0,0,0,0,0,0,0,1,0,1,0,0,1,1,1,0,0,1,0,0,0,1,1,0.75,0,f7f86a0fadffb9b5
0,0,0,0,0,1,1,0,1,0,0,0,0,0,0,0,0,0,0,1,0,0,0,0,0,0,0,0,0,0,2,1,1,0,0,1,2,0.75,1,771fb578b3e7409e
0,0,0,0,0,1,1,1,1,2,1,1,1,1,0,0,0,1,0,0,0,1,1,2,1,1,1,0,0,0,0,0,0,0,0,0,2,0.75,1,26357d1f217b1892
1,0,1,1,0,0,1,0,1,1,1,1,1,0,1,0,0,1,0,0,1,0,0,1,0,0,0,0,0,0,1,0,0,0,1,0,2,0.53,1,01a7ba5c41dce526
0,0,0,0,0,1,1,0,0,1,0,1,0,1,0,0,0,0,0,0,0,0,1,1,1,0,0,0,0,0,0,0,0,1,1,1,1,0.75,0,39f5ba34b5caa30c
1,0,1,0,0,0,0,0,0,2,1,2,1,2,0,0,0,1,0,0,1,0,1,1,0,0,0,0,0,0,1,0,0,0,0,0,1,0.63,1,c5cb5c9f4a13235f
2,0,0,0,0,1,1,1,2,0,2,2,1,1,0,0,1,2,1,1,2,1,1,2,1,0,0,0,0,0,0,0,1,0,1,1,1,0.75,0,793812df5d2ef514
0,0,1,0,0,0,1,0,0,1,1,0,0,1,0,0,0,0,0,1,2,0,2,1,1,0,1,1,0,0,2,0,1,0,0,0,0,0.63,0,e31329eefef93069
0,0,0,0,0,0,0,0,1,1,0,1,0,2,1,0,1,1,0,0,1,0,1,0,0,1,1,0,0,0,1,0,1,0,0,1,1,0.75,1,5c4e9284971b04ab
0,0,0,0,0,1,2,1,2,2,1,1,1,1,0,0,0,0,0,0,0,1,1,0,0,1,1,0,0,0,0,0,0,0,0,0,0,0.75,0,89718d6df5347ae2
2,0,1,0,0,1,1,0,0,1,0,1,1,2,1,0,0,2,1,1,2,0,1,1,1,0,0,0,0,1,1,0,0,0,1,0,0,0.63,0,6e204aef89b982f5
0,0,0,0,0,1,0,0,0,0,0,1,0,0,0,0,0,0,0,0,1,0,0,0,0,0,0,0,0,0,2,1,1,0,0,1,2,0.75,0,2c9a80900dc2c38b
1,0,0,0,0,1,0,0,1,1,0,1,1,2,2,1,1,1,1,1,1,0,0,2,0,0,1,0,0,0,2,0,0,0,0,0,2,0.75,1,91d6e97f4d9e1a06
1,0,0,0,0,1,1,1,1,1,0,1,1,0,1,0,0,0,0,0,0,0,0,1,0,2,2,1,1,0,0,0,0,0,0,0,0,0.75,1,3702c864b66bb47d
0,0,1,0,0,2,1,0,2,0,0,0,0,0,0,0,0,1,1,1,2,0,1,0,1,0,1,0,0,0,0,0,0,0,1,1,1,0.63,1,af519c63c925e298
1,0,1,0,0,1,1,0,0,0,0,0,0,1,0,0,0,0,0,0,1,0,1,1,0,1,2,0,0,0,0,0,0,0,0,1,2,0.63,1,b54a0d9ffa5ab35f
1,0,0,0,0,0,0,0,0,0,0,0,0,2,1,0,2,0,0,0,1,0,0,0,0,0,0,1,0,0,0,0,0,0,1,0,1,0.75,1,8d6a53f2b3dc0f40
0,0,1,0,0,1,1,0,1,0,0,1,0,1,0,0,1,0,0,0,1,0,0,2,1,1,2,0,0,0,0,0,0,0,0,1,2,0.63,1,36f7ee78b88c86ad
1,0,0,0,0,0,0,0,0,1,0,0,0,0,2,0,0,1,0,0,0,0,0,1,0,0,0,0,0,0,0,0,0,0,1,1,1,0.75,1,3d1e25cd634c5a1a
0,0,0,0,0,0,0,0,0,1,0,1,0,1,2,0,0,0,0,1,0,0,0,0,0,0,0,0,0,0,0,0,0,0,0,1,2,0.75,1,f230def953c6f4b0
0,0,0,1,0,0,1,0,1,1,0,1,1,0,0,0,0,0,0,0,1,0,0,0,0,0,0,0,0,0,1,1,1,1,2,0,2,0.65,1,9ddff32539a23e65
1,0,0,0,0,0,1,0,0,0,0,1,0,2,2,1,0,0,0,0,0,0,1,1,0,1,1,1,0,0,0,0,0,0,1,1,1,0.75,1,e7938e4e21f7fc44
0,0,0,0,0,0,1,0,1,1,1,1,0,0,1,0,1,0,0,0,1,0,1,2,1,1,1,1,0,0,0,0,0,0,0,1,0,0.75,0,6d91c12c6820b223
1,0,1,0,0,0,0,0,0,1,0,1,1,2,1,0,0,1,1,2,2,0,0,1,1,1,1,0,0,0,0,0,1,0,1,0,1,0.63,1,026f9f2e15be897e
0,0,0,0,0,0,0,0,0,0,0,0,0,0,1,0,0,0,0,0,1,0,0,1,0,1,0,1,1,0,0,0,1,0,0,0,1,0.75,1,eebf6ecec514e5b3
2,0,0,0,0,0,1,0,0,0,0,0,1,1,2,1,0,1,1,1,2,0,0,0,0,2,1,1,0,1,1,0,1,0,1,0,0,0.75,0,117d4acacf2868e6
0,0,0,1,0,1,2,0,0,0,0,0,0,0,0,0,0,0,0,0,1,0,0,1,0,0,0,0,1,0,0,0,0,0,0,1,1,0.65,1,c4df040b5af45f73
1,0,0,0,0,1,2,0,1,2,0,1,0,0,0,0,0,0,0,0,0,0,1,0,1,0,0,0,0,0,1,0,1,0,0,0,1,0.75,0,ffd95871ee0ebb21
0,0,1,0,0,1,0,0,0,1,1,0,1,1,0,0,0,0,0,1,1,1,1,2,0,0,1,1,0,0,1,0,0,0,1,0,2,0.63,1,426724e7c09bcd43
1,0,0,1,0,0,1,0,1,0,0,0,0,1,0,0,0,0,0,0,1,0,1,1,1,0,0,0,0,0,1,0,0,0,1,1,1,0.65,0,9044d0a5b5455ce4
2,0,0,0,0,1,2,0,1,2,2,2,2,1,0,0,1,1,0,1,2,0,1,1,1,1,2,1,1,1,1,0,0,0,0,0,1,0.75,1,32d64282ac4dfd9e
0,0,0,0,0,0,1,0,1,0,0,0,1,2,1,1,0,1,0,0,1,0,0,0,0,1,1,0,0,1,1,1,1,1,1,0,1,0.75,1,32e8fac76f9ebfd8
1,0,0,0,0,0,1,0,0,0,0,1,1,1,1,0,1,1,1,0,1,0,0,0,0,1,1,1,0,0,0,0,0,0,0,1,1,0.75,1,b087f1b6b35fa3a6
0,0,0,0,0,1,1,1,1,1,0,1,0,0,0,0,1,0,0,0,0,0,0,0,0,0,1,0,0,1,2,1,1,0,1,1,2,0.75,1,f0bc51a6f43e6a46
1,0,0,0,0,0,0,0,0,2,1,1,2,1,0,0,0,0,0,0,0,1,1,2,1,1,1,1,0,0,0,0,0,0,0,0,0,0.75,1,5288f5cb41da43e4
0,0,0,0,0,0,0,0,0,2,1,1,1,0,0,0,0,1,1,1,1,0,0,0,0,0,0,0,0,0,1,1,0,0,1,1,0,0.75,1,47e671d1b8c3da3c
0,0,1,0,0,0,0,0,0,1,0,1,1,1,1,0,0,1,0,1,1,0,1,1,0,0,1,1,0,0,1,1,2,0,0,1,2,0.63,0,54df174ac89b1c5a
0,0,0,0,0,1,1,0,0,0,0,0,0,1,2,0,0,0,0,0,1,0,1,2,1,1,1,1,0,0,2,0,0,0,0,1,1,0.75,0,f6402ac41fdf79ac
2,0,0,0,0,0,0,0,0,0,0,1,1,2,0,0,2,0,0,0,0,0,1,1,1,0,0,0,0,0,0,0,0,0,0,1,0,0.75,1,cd03d81c69d32de1
1,0,0,0,0,0,0,0,0,1,1,1,2,0,1,0,1,0,0,0,0,0,1,1,1,1,1,0,1,0,1,0,1,0,0,1,2,0.75,1,e326aafaa7327270
0,0,0,0,1,1,2,0,1,1,0,1,1,0,0,0,0,0,0,0,0,0,1,0,1,1,1,1,0,0,1,0,0,1,0,0,2,0.75,0,5dbf277f9af8cd6e
1,0,0,0,0,0,0,0,1,0,2,1,1,1,1,0,1,0,0,0,1,1,0,1,0,0,0,0,0,0,1,0,0,0,0,1,0,0.75,1,7ffc1232e476affd
0,0,0,0,0,1,1,1,0,1,0,1,1,1,1,1,2,1,1,0,0,0,0,1,1,0,1,1,0,0,0,0,0,2,1,1,1,0.75,1,a6a017632e7439db
2,0,1,0,0,1,1,0,0,1,1,1,1,1,1,0,1,0,0,0,0,0,0,1,0,0,1,0,0,1,0,0,1,0,1,0,2,0.63,0,c6d10497c37bdb77
0,0,1,1,0,1,2,1,2,1,0,0,1,1,1,1,1,1,0,0,1,1,1,2,0,0,0,0,0,1,1,0,1,0,0,1,1,0.53,1,2fadbcf1fc4add66
1,0,0,1,0,1,2,0,0,1,1,1,0,0,0,0,0,1,0,1,0,0,0,0,0,0,1,0,0,0,1,1,1,0,1,0,2,0.65,0,1d08d4d82c30b65b
0,0,1,0,0,1,0,0,1,0,0,0,0,0,1,0,1,0,0,0,2,0,0,1,1,0,0,0,0,0,0,0,0,0,0,1,0,0.63,1,790442f05a8c8c3f
0,0,0,1,0,0,1,0,0,1,0,0,0,1,1,0,0,1,0,1,0,0,0,1,0,0,0,0,0,0,0,0,0,0,0,1,1,0.65,1,b1082a3e7e99519e
0,0,0,0,0,1,1,0,0,0,0,0,1,0,0,0,1,1,0,0,0,0,1,1,1,1,1,1,0,1,1,1,1,0,0,1,1,0.75,0,46bb8771a76b13b9
1,0,0,0,0,0,0,0,0,0,0,1,0,1,2,0,1,1,1,1,1,0,1,1,1,0,1,1,0,0,0,0,0,0,0,1,1,0.75,1,2da0f7e251097555
1,0,0,0,0,0,0,0,0,0,0,0,1,0,1,0,1,1,1,0,1,0,2,1,1,0,1,1,1,0,2,0,0,0,0,1,2,0.75,1,0e1e709b34a14d55
1,0,0,0,0,1,1,1,2,0,0,1,1,1,1,0,0,0,0,0,0,0,0,0,0,0,0,0,0,0,1,0,1,0,1,0,2,0.75,1,bcbea9e7bdf36fcd
0,0,0,0,0,1,1,1,1,1,0,1,0,2,1,0,0,0,0,1,2,0,0,0,0,0,0,0,0,0,0,0,0,0,0,1,2,0.75,1,3eeaaafc03f18d0b
0,0,0,0,0,1,0,0,0,1,0,2,0,0,1,0,0,0,0,0,0,0,0,1,0,0,0,0,0,0,1,0,0,1,1,0,2,0.75,1,9edd723ef9477337
1,0,0,0,0,0,1,0,0,0,0,0,0,1,2,0,1,0,0,0,0,0,0,0,0,0,0,0,0,0,1,0,0,0,0,0,1,0.75,1,b174727ff721da71
1,0,0,0,0,1,1,1,0,0,0,0,0,0,0,0,0,0,0,0,2,0,1,1,0,1,1,0,0,0,0,0,0,0,0,1,1,0.75,1,e19f1d9052bd03d0
0,0,1,0,0,0,1,0,1,1,0,0,0,1,1,0,0,0,1,0,1,0,1,0,0,0,1,0,0,0,0,0,0,0,0,0,2,0.63,1,124fe7099d1813ac
1,0,1,0,0,0,1,0,0,0,0,0,0,2,1,1,1,0,0,1,1,0,0,1,0,1,1,0,0,0,0,0,1,0,0,1,1,0.63,1,51112ab894b816e9
2,0,1,0,0,1,2,1,2,1,1,0,0,1,1,0,0,0,0,1,0,0,0,0,0,0,1,0,1,0,1,1,2,0,0,1,1,0.63,0,52e20b9386a35492
1,0,1,2,0,2,1,0,2,0,0,0,0,1,2,0,0,1,1,1,2,0,0,2,1,1,1,1,0,0,1,0,1,0,0,1,2,0.38,0,bb772f262f505133
