Patient_ID,Age,Gender,Drug_Response,Response_Probability,SNP_1,SNP_2,SNP_3,SNP_4,SNP_5,SNP_6,SNP_7,SNP_8,SNP_9,SNP_10,SNP_11,SNP_12,SNP_13,SNP_14,SNP_15,SNP_16,SNP_17,SNP_18,SNP_19,SNP_20
P0000,62,Female,0,0.4,0,0,1,0,0,0,0,0,0,0,0,0,1,1,0,0,0,0,0,1
P0001,52,Female,0,0.4,1,1,0,0,0,0,0,0,0,0,0,0,0,0,1,1,0,0,1,1
P0002,64,Male,0,0.4,0,0,1,0,0,0,0,0,1,0,0,0,1,1,0,0,1,0,1,0
P0003,77,Female,1,0.25,0,0,0,0,1,1,0,1,0,0,0,0,0,0,0,0,0,0,1,0
P0004,51,Female,1,0.4,1,1,2,1,0,0,0,0,0,0,0,0,0,0,1,1,0,0,1,0
P0005,51,Male,0,0.25,0,0,1,0,1,1,0,0,0,0,0,0,2,1,0,0,0,0,0,0
P0006,78,Male,1,0.4,1,1,0,0,0,0,2,2,0,0,0,0,1,1,0,0,0,0,0,0
P0007,66,Male,0,0.4,1,0,1,0,0,0,0,0,0,0,0,0,0,0,0,0,0,0,1,1
P0008,47,Male,0,0.4,1,1,0,0,0,0,0,0,1,0,0,0,0,0,0,0,0,0,1,1
P0009,63,Male,0,0.4,0,0,1,1,0,0,1,0,1,0,0,0,0,0,0,0,0,0,1,1
P0010,48,Male,0,0.4,0,0,0,0,0,0,2,2,0,0,0,0,0,0,2,1,0,0,1,0
P0011,48,Male,1,0.4,1,1,0,0,0,0,1,1,0,0,0,0,1,0,0,0,0,0,0,0
P0012,58,Male,0,0.4,2,2,1,1,0,0,1,1,1,0,0,0,1,0,0,0,0,0,0,0
P0013,26,Female,1,0.4,1,0,0,0,0,0,0,0,0,0,0,0,0,0,0,0,1,0,1,1
P0014,29,Male,0,0.55,0,0,1,1,1,0,0,0,1,1,1,1,1,0,1,0,1,1,0,0
P0015,46,Female,1,0.25,1,0,0,0,1,0,0,0,0,0,0,0,0,0,0,0,1,0,0,0
P0016,39,Male,1,0.4,1,0,1,0,0,0,1,1,1,0,0,0,0,0,0,0,0,0,1,1
P0017,59,Female,0,0.4,1,1,1,1,0,0,1,0,0,0,0,0,0,0,1,1,1,1,0,1
P0018,41,Male,1,0.7,0,0,0,0,0,1,0,0,1,1,0,0,0,0,0,0,1,1,2,2
P0019,33,Male,0,0.4,1,0,0,0,0,0,0,0,0,0,0,0,0,0,0,0,1,0,1,1
P0020,76,Female,0,0.4,1,0,0,0,0,0,1,0,0,0,0,0,0,0,0,0,0,0,1,0
P0021,51,Female,1,0.4,2,1,0,0,0,0,0,0,1,0,0,0,0,0,0,0,1,0,0,0
P0022,56,Female,1,0.4,0,0,0,0,0,0,1,0,0,0,0,1,0,0,0,0,1,1,0,0
P0023,33,Male,1,0.4,1,1,1,1,0,0,1,0,0,0,0,0,1,1,1,1,0,0,1,0
P0024,46,Male,0,0.4,2,1,2,1,0,0,1,0,0,0,1,0,0,0,0,0,0,0,0,0
P0025,56,Female,1,0.25,0,0,1,1,1,1,1,0,0,0,0,0,0,0,0,0,1,0,0,0
P0026,37,Female,1,0.25,2,1,1,1,1,0,1,0,1,0,0,0,1,1,0,0,0,0,0,0
P0027,60,Female,0,0.4,1,0,1,1,0,0,0,0,0,0,0,0,1,0,0,0,0,0,0,0
P0028,45,Female,0,0.25,0,0,1,1,1,0,1,1,1,0,0,0,1,1,0,0,0,1,0,0
P0029,50,Male,1,0.25,0,0,0,0,1,0,1,0,0,0,0,0,0,0,1,1,1,1,1,1
P0030,45,Female,0,0.4,1,0,1,1,0,0,0,0,0,0,0,0,0,0,0,0,0,0,0,0
P0031,82,Male,1,0.4,0,0,1,1,0,0,0,0,0,0,0,0,0,0,1,0,0,0,0,0
P0032,54,Male,0,0.4,1,0,1,1,0,0,0,0,0,0,0,0,0,0,0,0,0,0,1,0
P0033,39,Male,0,0.25,0,0,0,0,1,1,0,0,0,0,1,1,1,0,0,0,1,0,2,1
P0034,67,Female,1,0.25,1,1,0,0,1,0,1,1,1,0,0,0,0,0,0,0,0,0,0,0
P0035,36,Male,0,0.4,0,0,0,0,0,0,1,0,0,0,0,0,0,0,0,0,1,1,0,0
P0036,58,Male,1,0.4,1,0,1,0,0,0,0,0,0,0,1,1,0,0,0,0,1,0,1,1
P0037,25,Female,0,0.4,2,0,1,1,0,0,0,0,1,0,0,0,0,0,0,0,0,0,2,2
P0038,35,Male,0,0.4,2,1,0,0,0,0,2,2,0,0,0,0,1,0,1,1,0,0,1,1
P0039,57,Female,0,0.4,1,0,2,2,0,0,0,1,1,0,0,0,0,0,0,0,0,0,1,0
P0040,66,Male,0,0.25,0,0,0,0,1,0,0,0,0,0,0,0,0,0,0,0,0,0,0,0
P0041,57,Female,1,0.4,1,1,0,0,0,0,1,0,1,0,0,0,0,0,0,0,0,0,1,0
P0042,53,Female,1,0.25,0,0,0,0,1,1,0,0,0,0,0,0,0,0,0,0,1,1,0,0
P0043,50,Male,0,0.25,0,0,1,1,1,2,0,0,1,0,0,0,0,0,0,0,1,0,1,1
P0044,32,Male,0,0.25,0,0,1,1,1,1,0,0,0,0,0,0,1,1,0,0,0,0,1,0
P0045,44,Male,0,0.4,1,1,0,0,0,0,0,0,0,0,0,0,0,0,0,0,0,0,2,1
P0046,48,Male,0,0.4,1,0,1,0,0,0,1,1,0,0,0,0,1,1,1,1,0,0,0,0
P0047,70,Female,1,0.4,1,0,0,0,0,0,1,0,0,0,0,0,1,1,1,0,0,0,0,0
P0048,60,Male,1,0.4,1,1,1,1,0,0,0,0,0,0,0,0,1,0,0,0,0,0,1,1
P0049,28,Female,0,0.4,0,0,1,0,0,0,1,1,0,0,0,0,1,0,0,0,1,1,1,1
P0050,59,Male,0,0.4,2,2,1,0,0,0,1,0,0,0,0,0,0,0,1,0,1,1,1,0
P0051,49,Female,0,0.4,1,0,0,0,0,0,0,0,0,0,0,0,0,0,0,0,0,0,0,0
P0052,44,Female,1,0.4,1,1,2,2,0,0,0,0,0,0,0,0,0,0,0,0,1,1,0,0
P0053,64,Female,1,0.4,0,0,1,1,0,0,1,1,0,0,0,0,1,1,0,0,0,0,1,0
P0054,70,Male,1,0.4,1,1,0,0,0,0,0,0,0,0,0,0,2,2,0,0,1,1,0,0
P0055,68,Male,1,0.25,1,1,1,0,1,0,0,0,0,0,0,0,1,0,0,0,0,0,1,0
P0056,42,Male,1,0.25,0,0,0,0,1,0,1,1,0,0,0,0,0,0,0,0,0,0,1,1
P0057,50,Female,1,0.4,0,0,1,1,0,0,1,0,0,0,0,0,1,0,0,0,1,1,1,1
P0058,59,Female,1,0.4,1,1,0,0,0,0,1,1,0,0,1,0,0,0,0,0,0,0,1,0
P0059,69,Female,1,0.4,1,0,1,0,0,0,1,1,0,0,0,0,0,0,1,1,1,0,1,1
P0060,47,Male,1,0.7,0,0,1,0,0,0,1,1,1,1,0,0,0,0,0,0,0,0,0,0
P0061,52,Female,1,0.4,2,1,0,0,0,0,0,0,0,0,0,0,0,0,0,0,0,0,1,0
P0062,38,Female,0,0.25,0,0,0,0,1,0,1,0,0,0,1,1,0,0,0,0,0,0,0,0
P0063,37,Male,1,0.4,1,0,0,0,0,0,0,0,0,0,0,0,0,0,1,1,0,0,1,1
P0064,67,Male,0,0.4,2,0,0,0,0,0,0,1,0,0,0,0,0,0,1,0,0,0,0,0
P0065,75,Female,0,0.4,1,0,0,0,0,0,1,1,0,0,0,0,1,0,1,2,0,0,1,1
P0066,53,Female,0,0.4,1,1,1,0,0,0,1,0,0,0,0,0,1,0,0,0,0,0,0,0
P0067,70,Female,1,0.4,0,0,0,0,0,0,0,0,0,0,0,0,1,1,1,0,0,0,0,0
P0068,60,Male,0,0.4,0,0,0,0,0,0,1,0,0,0,0,0,0,0,1,0,0,0,2,1
P0069,45,Female,0,0.4,2,2,1,1,0,0,0,0,0,0,1,0,1,1,0,0,0,0,0,0
P0070,60,Male,0,0.4,0,0,0,0,0,0,0,0,0,0,1,1,1,0,0,0,1,1,1,0
P0071,78,Male,1,0.4,2,1,1,1,0,0,0,0,0,0,1,1,0,0,0,0,0,0,2,2
P0072,54,Male,0,0.4,0,0,1,1,0,0,1,1,0,0,0,0,0,0,1,0,0,0,0,0
P0073,78,Female,1,0.7,0,0,1,1,0,0,1,1,1,1,0,0,0,0,0,0,0,0,1,0
P0074,18,Female,0,0.25,0,0,1,0,1,1,0,0,0,0,0,0,0,0,0,0,0,0,0,0
P0075,67,Female,0,0.4,1,1,1,1,0,0,1,1,0,0,0,0,1,2,1,2,0,0,0,0
P0076,56,Male,0,0.4,0,0,0,0,0,0,0,0,1,0,0,0,1,0,1,1,0,0,0,0
P0077,50,Female,1,0.4,1,0,0,0,0,0,1,0,0,0,0,0,0,0,1,0,0,0,2,1
P0078,56,Male,0,0.4,1,0,0,0,0,0,0,0,0,0,0,0,1,0,2,1,0,0,0,0
P0079,25,Female,0,0.7,2,2,1,1,0,0,0,0,1,1,0,0,1,0,0,0,1,1,1,0
P0080,51,Male,0,0.4,0,0,0,0,0,0,2,1,1,0,0,0,1,0,1,1,0,0,1,1
P0081,60,Male,0,0.4,1,1,1,0,0,0,0,0,0,0,0,0,0,0,0,0,0,0,1,0
P0082,77,Male,1,0.4,1,0,2,1,0,0,0,0,0,0,0,0,1,0,1,0,0,0,0,0
P0083,47,Male,1,0.4,1,1,1,1,0,0,1,0,0,0,0,0,0,0,0,0,1,1,1,1
P0084,42,Female,0,0.4,1,0,1,1,0,0,2,1,1,0,0,0,0,0,2,2,0,0,1,0
P0085,47,Female,1,0.25,1,1,0,0,1,1,0,0,0,0,0,0,0,0,1,1,0,0,1,0
P0086,68,Male,1,0.4,1,0,1,0,0,0,0,0,0,0,0,0,0,0,1,0,0,0,2,1
P0087,59,Female,0,0.7,0,0,1,0,0,0,0,0,1,1,0,0,1,0,0,0,0,0,1,0
P0088,47,Male,0,0.4,0,0,0,0,0,0,0,0,0,0,0,0,0,0,0,0,0,0,0,0
P0089,62,Female,1,0.4,2,1,0,0,0,0,0,0,0,0,0,0,0,1,1,1,1,0,1,1
P0090,56,Female,0,0.4,1,1,1,0,0,0,1,1,0,0,0,0,0,0,0,0,0,0,0,0
P0091,69,Female,0,0.4,1,0,1,0,0,1,2,1,0,0,0,0,1,0,1,0,0,0,0,0
P0092,44,Male,0,0.4,1,1,1,0,0,0,0,0,1,0,0,0,0,0,0,0,0,0,0,1
P0093,50,Female,0,0.4,0,0,1,1,0,0,0,0,0,0,0,0,1,0,1,0,0,0,0,0
P0094,49,Female,0,0.4,0,0,1,0,0,0,0,0,1,0,1,0,0,0,0,0,0,0,0,0
P0095,33,Male,0,0.4,1,0,0,0,0,0,0,0,0,0,0,0,0,0,1,0,0,0,2,2
P0096,59,Male,0,0.25,1,0,0,0,1,0,1,0,0,0,0,0,0,0,1,1,0,0,0,0
P0097,58,Female,1,0.7,0,0,0,0,0,0,0,0,1,1,1,1,0,0,0,0,0,1,2,2
P0098,55,Female,0,0.4,1,0,0,0,0,0,0,0,0,0,0,0,0,0,0,0,0,0,1,0
P0099,51,Female,0,0.4,0,0,1,0,0,0,1,0,0,0,0,0,0,0,0,0,0,0,1,1
P0100,33,Female,1,0.4,1,1,1,1,0,0,0,0,0,0,0,0,2,2,0,0,0,0,1,0
P0101,48,Female,0,0.25,0,0,1,1,1,0,1,1,1,0,0,0,1,1,0,0,0,0,0,0
P0102,49,Male,1,0.4,1,0,0,0,0,0,0,0,0,0,1,0,0,0,1,1,0,0,0,0
P0103,42,Male,0,0.4,0,0,1,0,0,0,1,1,0,0,0,0,0,0,0,0,0,0,0,0
P0104,52,Male,0,0.4,1,1,1,1,0,0,2,2,0,0,0,0,1,1,0,0,0,0,0,0
P0105,61,Female,0,0.4,0,0,1,1,0,0,1,1,0,0,0,0,0,0,0,0,0,0,2,2
P0106,83,Male,0,0.7,0,0,1,1,0,0,2,2,1,1,0,0,0,0,0,0,1,0,1,0
P0107,57,Female,0,0.4,0,0,0,0,0,0,0,0,0,0,0,0,1,0,0,0,0,0,0,0
P0108,58,Female,0,0.4,1,0,0,0,0,0,0,0,0,0,0,0,0,0,2,1,0,0,0,0
P0109,53,Female,0,0.25,1,1,0,0,1,0,1,1,0,0,0,0,0,0,1,0,1,0,0,0
P0110,26,Male,0,0.4,0,0,0,0,0,0,1,0,0,0,0,0,0,1,0,0,1,1,0,0
P0111,54,Female,1,0.25,1,0,0,0,1,0,0,0,1,0,0,0,0,0,0,0,0,0,1,0
P0112,55,Male,0,0.25,1,0,1,0,1,1,0,0,0,0,0,0,1,0,1,0,1,0,0,0
P0113,90,Female,0,0.55,1,1,2,2,1,1,0,0,2,1,0,0,0,0,0,0,0,0,1,0
P0114,52,Male,1,0.4,0,0,1,1,0,0,0,0,0,0,0,0,0,0,0,0,0,0,0,0
P0115,59,Male,0,0.4,1,1,1,0,0,0,0,0,0,0,0,0,0,1,0,0,0,0,0,0
P0116,54,Female,0,0.25,0,0,0,0,1,1,1,1,1,0,0,0,0,0,0,0,0,0,1,1
P0117,37,Male,1,0.4,0,0,1,0,0,0,0,0,0,0,1,0,1,1,2,2,0,0,1,1
P0118,72,Male,1,0.4,2,2,0,0,0,0,0,0,0,0,0,0,1,0,1,0,0,0,2,1
P0119,66,Female,0,0.25,0,0,0,0,1,1,1,1,1,0,1,0,1,1,0,0,1,0,1,1
P0120,66,Female,0,0.25,1,0,0,0,1,1,1,0,0,0,0,0,0,0,0,0,1,1,0,0
P0121,41,Female,1,0.4,1,2,0,0,0,0,1,0,0,0,0,0,0,0,1,0,1,1,0,0
P0122,76,Female,0,0.4,1,1,0,0,0,0,1,1,0,0,0,0,0,0,1,1,1,0,1,1
P0123,33,Female,0,0.4,1,0,0,0,0,0,0,0,0,0,1,1,0,0,1,1,1,1,2,1
P0124,63,Male,0,0.25,0,0,0,0,1,0,1,0,0,0,0,0,2,2,1,1,0,0,1,1
P0125,87,Male,0,0.25,0,0,2,1,1,1,0,0,0,0,1,0,0,0,0,0,0,0,0,0
P0126,40,Male,0,0.4,1,0,0,0,0,1,0,0,0,0,1,0,0,0,1,0,0,0,2,2
P0127,46,Female,1,0.4,0,0,0,0,0,0,1,0,1,0,0,0,0,0,1,0,1,1,0,0
P0128,56,Female,0,0.25,0,0,0,0,1,0,1,1,0,0,0,0,1,2,0,0,0,0,1,2
P0129,47,Male,0,0.4,0,0,1,0,0,0,0,0,0,0,0,0,0,0,1,1,1,1,2,2
P0130,31,Male,0,0.4,0,0,0,0,0,0,0,0,0,0,0,0,0,0,0,0,0,0,0,0
P0131,56,Female,0,0.25,0,0,0,0,1,0,0,0,0,0,0,0,0,0,0,0,0,0,2,1
P0132,39,Male,1,0.4,0,0,0,0,0,0,0,0,0,0,0,0,1,0,0,0,1,1,0,0
P0133,62,Female,0,0.7,1,1,0,0,0,0,0,0,1,2,0,0,0,0,0,0,0,0,2,1
P0134,41,Female,0,0.4,1,1,0,0,0,0,1,1,0,0,0,0,1,1,0,0,0,0,0,0
P0135,78,Female,1,0.4,1,0,0,0,0,0,0,0,0,0,0,0,1,0,0,0,0,0,2,2
P0136,43,Male,1,0.55,0,0,0,0,1,0,2,2,1,1,0,0,0,0,0,0,0,1,0,0
P0137,50,Female,1,0.4,0,0,0,0,0,0,1,1,0,0,0,0,1,0,0,0,0,0,1,1
P0138,67,Female,0,0.1,0,0,0,0,2,2,1,0,0,0,0,1,0,0,0,0,0,0,1,0
P0139,36,Female,0,0.4,1,1,1,0,0,0,1,0,0,0,0,0,2,1,0,0,0,0,1,1
P0140,58,Female,0,0.4,1,0,1,1,0,0,0,0,0,0,0,0,0,0,0,0,0,0,0,0
P0141,74,Female,0,0.7,0,0,0,0,0,0,0,1,1,1,0,0,0,0,0,0,1,1,1,1
P0142,30,Female,1,0.7,2,2,0,0,0,0,1,0,1,1,0,0,0,0,0,0,0,0,0,0
P0143,57,Male,1,0.4,0,0,2,1,0,0,1,1,0,0,0,0,0,0,1,0,0,0,1,0
P0144,58,Female,0,0.4,1,1,0,0,0,0,1,0,0,0,0,0,2,2,1,0,0,0,0,0
P0145,66,Female,1,0.4,1,0,0,0,0,0,0,0,1,0,0,0,0,0,1,2,0,0,2,2
P0146,36,Male,0,0.4,1,1,1,0,0,0,2,1,1,0,1,0,1,0,0,0,1,0,0,0
P0147,35,Female,0,0.25,1,0,0,0,1,0,0,0,0,0,0,0,0,0,0,0,0,0,0,0
P0148,62,Female,0,0.4,1,1,0,0,0,0,1,0,0,0,0,1,1,0,1,1,0,0,0,0
P0149,59,Female,0,0.4,0,0,0,0,0,0,2,1,0,0,0,0,0,0,0,0,0,0,0,0
P0150,58,Male,0,0.7,1,0,1,1,0,0,0,0,1,1,0,0,0,0,0,0,1,1,0,0
P0151,60,Male,1,0.4,0,0,0,0,0,0,1,1,0,0,0,0,0,0,0,0,1,0,1,1
P0152,44,Female,1,0.4,2,2,1,0,0,0,0,0,0,0,0,0,1,1,1,1,0,0,1,1
P0153,58,Female,0,0.4,1,1,2,1,0,0,0,0,0,0,0,0,0,0,0,0,0,0,1,1
P0154,59,Male,0,0.4,1,0,0,0,0,0,0,0,0,0,0,0,0,0,1,1,1,0,1,1
P0155,44,Female,0,0.25,1,1,0,0,1,1,1,1,0,0,0,0,0,0,1,0,0,0,0,0
P0156,82,Female,1,0.55,1,0,0,0,1,1,2,1,2,2,0,0,1,0,0,0,1,0,1,0
P0157,62,Female,0,0.4,1,1,0,0,0,0,1,0,0,0,1,0,0,0,1,1,0,0,0,0
P0158,37,Female,0,0.4,1,1,0,0,0,0,0,0,0,0,0,0,0,0,1,1,0,0,1,0
P0159,64,Male,0,0.25,0,0,1,1,1,0,1,0,0,0,0,0,0,0,1,1,0,0,0,0
P0160,40,Male,1,0.4,0,0,1,1,0,0,2,1,0,0,0,0,1,1,0,0,0,0,0,0
P0161,66,Male,1,0.25,0,0,1,1,1,0,0,0,0,0,0,0,1,0,1,0,0,0,0,0
P0162,72,Female,0,0.25,0,0,0,0,1,0,2,2,0,0,0,0,0,0,0,0,1,1,1,1
P0163,42,Male,0,0.25,1,0,1,1,1,0,0,0,0,0,0,0,0,1,1,0,0,0,0,0
P0164,69,Male,1,0.4,0,0,2,2,0,0,1,1,0,0,0,0,0,0,0,0,0,0,1,2
P0165,61,Male,0,0.4,2,2,1,0,0,0,0,0,0,0,0,0,0,0,0,0,0,0,0,0
P0166,67,Female,1,0.4,0,0,0,0,0,0,0,0,0,0,0,0,0,0,1,0,0,0,1,1
P0167,83,Female,1,0.7,0,0,1,1,0,0,0,0,1,1,0,0,1,0,1,1,1,1,2,2
P0168,51,Male,1,0.55,1,0,0,0,1,0,1,1,1,1,0,0,0,0,0,0,1,1,0,0
P0169,43,Male,1,0.4,1,1,0,0,0,0,0,0,0,0,0,0,1,1,0,0,0,0,1,1
P0170,41,Female,0,0.4,1,0,0,0,0,0,0,0,0,0,0,0,0,0,0,0,2,1,2,2
P0171,42,Male,0,0.25,1,0,1,1,1,0,1,1,1,0,0,0,1,1,2,2,1,0,1,1
P0172,53,Male,0,0.25,1,1,1,0,1,0,1,0,0,0,0,0,0,1,1,0,1,0,1,1
P0173,60,Male,0,0.55,0,0,0,0,1,0,0,0,1,1,0,0,0,0,1,1,0,0,1,0
P0174,59,Male,0,0.25,2,2,0,0,1,1,0,0,1,0,0,0,0,0,0,0,1,0,1,0
P0175,67,Male,1,0.4,2,2,0,0,0,0,0,0,0,0,0,0,0,0,0,0,0,0,0,0
P0176,55,Female,1,0.4,1,0,0,0,0,0,0,0,0,0,0,0,0,0,1,0,0,0,1,0
P0177,76,Male,1,0.25,0,0,0,0,1,0,1,0,1,0,0,0,1,0,1,0,1,0,0,0
P0178,51,Female,0,0.4,1,0,0,0,0,0,1,0,0,0,1,1,1,1,0,0,0,0,0,0
P0179,90,Male,0,0.4,0,0,1,0,0,0,1,0,0,0,0,0,0,0,1,0,0,0,1,1
P0180,64,Female,1,0.4,0,0,0,0,0,0,0,0,0,0,0,0,0,0,0,0,1,0,0,0
P0181,42,Female,0,0.4,0,0,0,0,0,0,1,1,0,0,0,0,0,0,0,0,1,0,0,0
P0182,38,Male,0,0.25,1,0,0,0,1,1,1,1,0,0,0,0,0,0,0,0,0,0,1,1
P0183,62,Female,1,0.4,1,1,2,2,0,0,1,1,0,0,0,0,0,0,0,0,1,0,1,0
P0184,51,Male,1,0.7,1,1,1,0,0,0,1,1,2,1,0,0,1,1,0,0,0,0,1,1
P0185,65,Female,1,0.4,1,1,1,1,0,0,1,1,0,0,1,1,2,1,0,0,0,0,2,2
P0186,62,Male,1,0.4,1,1,0,0,0,0,1,1,0,0,1,1,1,0,0,0,1,0,1,1
P0187,53,Male,1,0.4,0,0,1,0,0,0,0,0,0,0,0,0,0,0,1,0,0,0,0,0
P0188,42,Male,1,0.4,0,0,0,0,0,0,2,2,0,0,0,0,1,1,0,0,0,0,0,0
P0189,32,Female,0,0.25,2,1,1,1,1,0,0,0,0,0,1,1,1,1,0,0,0,0,1,1
P0190,48,Female,0,0.4,0,0,1,0,0,0,1,0,1,0,0,0,0,0,0,0,0,0,0,0
P0191,67,Female,1,0.4,1,1,1,1,0,0,0,0,1,0,0,0,0,0,0,0,0,0,1,0
P0192,58,Male,0,0.4,1,1,1,0,0,0,1,1,0,0,0,0,1,0,1,0,1,1,1,0
P0193,36,Female,1,0.4,1,1,1,1,0,0,1,0,0,0,0,0,0,0,0,0,1,0,0,0
P0194,57,Male,1,0.4,1,1,0,0,0,0,0,0,0,0,0,0,0,0,1,0,0,0,2,1
P0195,60,Female,0,0.25,1,0,1,0,1,1,0,0,0,0,0,0,0,0,1,1,1,0,1,0
P0196,41,Male,1,0.4,1,0,0,0,0,0,1,0,0,0,0,0,0,0,0,0,0,0,0,0
P0197,57,Male,0,0.25,2,2,1,0,1,0,1,0,0,0,0,0,0,0,0,0,0,0,2,2
P0198,55,Male,0,0.7,1,0,0,0,0,0,0,0,2,2,0,0,1,1,0,0,1,0,1,1
P0199,37,Male,1,0.4,0,0,0,0,0,0,0,0,0,0,0,0,1,0,0,0,0,0,0,0
P0200,60,Female,1,0.4,1,0,0,0,0,0,1,0,0,0,0,0,1,1,1,1,0,0,1,1
P0201,63,Male,0,0.25,2,1,0,0,1,1,0,0,1,0,0,0,0,0,0,1,0,0,1,0
P0202,71,Female,0,0.4,0,0,0,0,0,0,0,0,0,0,0,0,0,0,0,0,0,0,1,2
P0203,70,Male,0,0.4,1,1,1,0,0,0,0,1,0,0,1,0,0,0,0,0,1,0,1,0
P0204,34,Female,0,0.4,1,1,0,0,0,0,0,0,0,0,1,1,0,0,0,0,0,0,1,0
P0205,40,Male,0,0.4,1,1,0,0,0,0,0,0,0,0,0,0,0,0,0,0,0,0,0,0
P0206,62,Male,1,0.7,0,0,1,1,0,0,0,0,1,1,0,0,0,0,0,0,0,0,1,1
P0207,62,Female,1,0.4,1,1,0,1,0,0,0,0,0,0,0,0,0,0,0,0,0,1,1,0
P0208,62,Male,0,0.7,2,2,1,0,0,0,0,0,1,1,0,0,0,0,0,0,0,0,0,0
P0209,90,Male,0,0.4,0,0,1,0,0,0,0,0,0,0,1,1,0,0,1,1,0,0,0,0
P0210,63,Female,0,0.4,0,0,1,0,0,0,0,0,0,0,1,1,0,0,1,0,1,1,2,1
P0211,72,Female,1,0.25,2,2,1,1,1,0,0,0,1,0,0,0,2,2,0,0,1,0,1,1
P0212,69,Male,0,0.25,0,0,0,0,1,0,1,1,0,0,0,0,0,0,0,0,0,0,1,1
P0213,64,Male,1,0.25,1,0,1,0,1,0,0,0,0,0,0,0,1,1,2,2,0,0,1,1
P0214,50,Female,0,0.4,1,0,0,0,0,0,0,0,0,0,0,0,0,0,0,0,0,0,1,1
P0215,66,Male,0,0.4,0,0,0,0,0,0,0,0,0,0,0,0,0,0,0,0,1,0,1,1
P0216,43,Male,0,0.4,1,1,1,0,0,0,0,0,0,0,0,0,2,1,0,0,2,2,1,1
P0217,51,Male,1,0.4,1,0,0,0,0,0,1,1,0,0,0,0,0,0,0,0,0,0,0,0
P0218,47,Female,0,0.4,1,0,1,1,0,0,1,0,0,0,0,0,0,0,0,0,0,1,1,1
P0219,56,Female,0,0.4,0,0,1,0,0,0,1,0,0,0,0,0,1,0,2,1,0,0,1,1
P0220,89,Male,0,0.4,1,1,1,0,0,0,1,1,1,0,0,0,0,0,1,1,0,0,1,0
P0221,26,Male,0,0.4,0,0,1,1,0,0,2,1,0,0,0,0,1,0,1,1,0,0,1,1
P0222,65,Male,0,0.55,0,0,0,0,1,1,0,0,1,1,0,0,0,0,1,0,0,0,1,0
P0223,30,Female,0,0.4,2,1,0,0,0,0,0,0,0,0,0,0,0,0,0,0,0,0,0,0
P0224,47,Male,1,0.4,0,0,1,1,0,0,0,0,0,0,0,0,0,0,0,0,0,0,0,0
P0225,71,Male,0,0.4,1,1,0,0,0,0,0,0,1,0,1,1,0,0,1,0,0,0,0,0
P0226,55,Female,0,0.4,0,0,1,1,0,0,0,0,0,0,0,0,1,0,2,1,0,0,0,0
P0227,38,Male,0,0.4,1,0,1,0,0,0,1,0,0,0,0,0,1,1,0,0,0,0,2,2
P0228,44,Female,0,0.25,0,0,1,1,1,0,0,0,0,0,0,0,0,0,1,0,0,0,0,0
P0229,65,Male,0,0.25,2,1,0,0,1,1,2,2,0,0,0,0,0,0,0,0,0,0,0,0
P0230,44,Male,1,0.4,1,1,0,0,0,0,1,1,0,0,0,0,1,1,0,0,0,0,1,0
P0231,58,Male,1,0.25,0,0,0,0,1,1,0,0,0,0,0,0,0,0,0,0,0,0,1,1
P0232,55,Female,0,0.1,0,0,0,0,2,2,0,0,1,0,1,1,0,0,0,0,0,0,0,1
P0233,45,Female,1,0.55,0,0,1,0,1,1,0,0,0,1,0,0,0,0,0,0,0,0,1,1
P0234,87,Female,0,0.55,1,1,0,0,1,0,0,0,1,1,1,1,0,0,0,0,0,0,1,1
P0235,64,Male,0,0.4,0,0,0,0,0,0,0,0,1,0,0,0,1,1,0,0,0,0,0,0
P0236,24,Female,0,0.4,1,0,0,0,0,0,0,0,0,0,1,1,2,2,0,0,0,0,0,0
P0237,57,Male,0,0.4,1,0,1,0,0,0,0,0,0,0,0,0,0,0,0,0,1,2,2,2
P0238,45,Male,0,0.7,0,0,1,0,0,0,0,0,1,1,0,0,0,0,2,1,0,0,1,0
P0239,67,Female,0,0.1,1,0,0,1,2,2,2,1,1,0,0,0,0,0,0,0,0,0,1,0
P0240,43,Male,0,0.4,1,0,0,0,0,0,1,1,0,0,1,1,0,0,0,0,0,0,0,0
P0241,53,Male,0,0.25,0,0,0,0,1,0,2,1,0,0,0,0,0,0,0,0,0,0,0,0
P0242,62,Male,0,0.25,0,0,0,0,1,1,0,0,0,0,0,0,1,0,0,0,0,0,1,1
P0243,67,Male,0,0.25,0,0,1,0,1,0,0,0,0,0,0,0,0,0,1,0,0,0,0,0
P0244,36,Male,0,0.1,1,0,1,0,2,2,1,0,0,0,0,0,0,0,0,0,0,0,0,0
P0245,49,Female,1,0.4,1,1,0,0,0,0,0,0,0,0,0,0,0,0,1,0,1,2,1,1
P0246,47,Male,0,0.4,1,1,0,0,0,0,0,0,0,0,0,0,0,0,0,0,0,0,0,0
P0247,45,Female,0,0.4,1,0,2,2,0,0,1,0,0,0,0,0,0,0,0,0,0,0,1,0
P0248,81,Female,1,0.4,1,1,0,0,0,0,1,2,0,0,1,1,1,1,0,0,0,0,1,0
P0249,61,Male,1,0.4,1,0,1,1,0,0,0,0,0,0,0,0,0,0,0,0,1,1,0,0
P0250,36,Male,0,0.4,1,0,0,0,0,0,0,0,0,0,0,0,1,1,0,0,1,2,1,1
P0251,68,Male,0,0.25,0,0,0,0,1,1,0,0,0,0,1,0,0,0,0,0,0,0,0,0
P0252,86,Female,0,0.4,0,0,0,1,0,0,0,0,0,0,0,0,0,0,0,0,1,0,1,0
P0253,70,Male,0,0.4,0,0,0,0,0,0,0,0,0,0,0,0,0,0,0,0,0,0,0,0
P0254,32,Female,0,0.4,0,0,2,1,0,0,0,0,0,0,0,0,0,0,2,1,1,1,0,0
P0255,47,Male,1,0.4,1,0,0,0,0,0,0,0,1,0,0,0,0,0,0,0,1,1,1,0
P0256,74,Female,0,0.4,2,1,0,0,0,0,2,1,0,0,0,0,0,0,0,0,0,0,1,1
P0257,44,Male,1,0.25,0,0,0,0,1,1,1,1,0,0,1,1,1,0,0,0,0,0,2,1
P0258,61,Male,1,0.4,0,1,0,0,0,0,1,0,0,0,0,0,1,0,0,0,0,0,0,0
P0259,66,Female,0,0.55,1,1,0,0,1,0,0,0,1,1,0,0,0,0,0,0,0,0,0,0
P0260,41,Female,0,0.4,2,1,0,0,0,0,0,0,0,0,0,0,0,0,1,1,0,0,1,1
P0261,54,Male,0,0.25,0,0,1,1,1,0,0,0,0,0,0,0,0,0,2,1,0,0,0,0
P0262,18,Female,1,0.4,1,0,0,0,0,0,0,0,0,0,1,1,0,0,0,0,0,0,0,0
P0263,39,Female,1,0.4,0,0,0,0,0,0,0,0,0,0,1,0,0,0,0,0,0,0,1,0
P0264,51,Female,1,0.4,0,0,1,1,0,0,1,0,0,0,0,0,1,1,0,0,0,0,1,1
P0265,36,Female,0,0.25,2,2,0,0,1,0,1,2,0,0,0,0,0,0,1,0,0,0,1,0
P0266,79,Male,0,0.4,2,1,2,1,0,0,1,0,0,0,0,0,0,0,0,0,0,0,2,0
P0267,33,Male,1,0.4,0,0,0,0,0,0,0,0,0,0,0,0,0,0,0,0,0,0,0,0
P0268,48,Male,0,0.1,2,2,1,1,2,2,1,0,0,0,0,0,0,0,0,0,0,0,1,1
P0269,56,Female,0,0.25,1,0,1,0,1,1,0,0,0,0,0,0,1,1,1,1,0,0,0,0
P0270,76,Female,1,0.7,1,2,1,1,0,0,0,0,1,1,0,0,0,0,0,0,0,0,1,0
P0271,33,Male,0,0.4,1,1,2,2,0,0,0,0,0,0,0,0,0,0,0,0,1,0,1,1
P0272,72,Male,0,0.4,1,0,0,0,0,0,1,1,1,0,0,0,1,1,1,0,0,0,2,1
P0273,55,Female,0,0.4,1,0,2,2,0,0,2,1,0,0,0,0,0,0,0,0,0,0,1,1
P0274,40,Female,0,0.4,1,1,0,0,0,0,0,0,0,0,0,0,1,1,1,0,0,0,2,1
P0275,61,Female,0,0.25,0,0,0,0,1,0,1,0,0,0,0,0,0,0,0,0,0,0,1,1
P0276,57,Male,0,0.25,0,0,0,0,1,0,1,0,1,0,0,1,0,0,1,0,0,0,2,1
P0277,45,Male,0,0.4,0,0,1,1,0,0,0,0,0,0,1,1,1,0,1,2,0,0,1,1
P0278,56,Male,1,0.4,1,1,0,0,0,0,0,0,0,0,0,0,0,0,0,0,0,0,0,0
P0279,49,Female,0,0.4,0,0,1,0,0,0,0,0,0,0,0,0,0,0,1,0,1,1,0,0
P0280,56,Male,0,0.1,1,0,1,0,2,2,2,2,0,0,0,0,0,0,0,0,0,0,0,0
P0281,64,Female,0,0.1,2,1,1,0,2,2,0,0,0,0,0,1,0,0,1,1,0,0,0,0
P0282,78,Male,1,0.4,0,0,1,1,0,0,1,1,0,0,2,1,0,0,0,0,1,1,1,1
P0283,36,Female,0,0.25,1,0,0,0,1,0,0,0,0,0,0,0,1,1,1,1,0,0,1,1
P0284,86,Female,0,0.25,1,0,0,0,1,1,1,1,0,0,0,0,2,1,0,0,0,0,1,0
P0285,25,Female,0,0.4,1,1,0,0,0,0,0,0,0,0,1,1,0,0,2,1,0,0,2,2
P0286,52,Male,0,0.4,0,0,0,0,0,0,1,0,0,0,0,0,0,0,0,0,0,0,2,2
P0287,63,Male,1,0.4,1,1,0,0,0,0,1,0,0,0,0,0,0,0,2,1,1,0,0,0
P0288,59,Male,1,0.4,1,0,0,0,0,0,1,1,0,0,0,0,0,0,1,1,0,0,0,0
P0289,45,Female,1,0.4,2,1,0,0,0,0,1,0,0,0,0,0,0,0,0,0,1,0,0,0
P0290,51,Female,0,0.4,1,1,2,0,0,0,0,0,0,0,0,0,0,0,1,1,1,0,0,0
P0291,47,Female,0,0.25,1,1,1,1,1,0,1,0,1,0,0,0,1,2,2,2,1,1,1,1
P0292,46,Female,1,0.4,1,1,0,0,0,0,0,0,1,0,0,0,0,0,0,0,1,0,1,0
P0293,67,Female,0,0.4,1,1,1,1,0,0,0,0,1,0,1,0,0,0,0,0,0,0,1,0
P0294,60,Male,0,0.4,1,1,0,0,0,0,1,0,0,0,0,0,0,0,0,0,0,0,1,1
P0295,44,Female,0,0.4,0,0,0,0,0,0,0,0,0,0,0,1,1,1,0,0,0,0,1,0
P0296,68,Male,0,0.4,2,2,1,0,0,0,0,0,0,0,0,0,1,0,0,0,0,0,0,0
P0297,59,Male,0,0.4,1,0,0,0,0,0,2,1,0,0,0,0,1,1,0,0,1,0,1,0
P0298,67,Female,1,0.4,1,1,0,0,0,0,0,0,0,0,0,0,0,0,0,0,0,1,0,1
P0299,64,Male,1,0.7,0,0,2,2,0,0,1,1,1,1,1,1,1,1,0,0,1,0,0,0
P0300,42,Male,1,0.7,1,1,1,1,0,0,0,0,1,1,0,0,0,0,0,0,1,1,0,0
P0301,46,Female,0,0.4,0,0,1,0,0,0,0,0,1,0,0,0,1,1,1,1,2,1,1,0
P0302,66,Male,1,0.4,1,0,1,1,0,0,0,0,0,0,0,0,0,0,1,1,1,0,0,0
P0303,64,Female,0,0.4,0,0,1,0,0,0,2,1,0,0,0,0,0,0,0,0,0,0,0,0
P0304,54,Male,0,0.4,1,0,0,0,0,1,1,0,0,0,1,0,0,0,1,0,0,0,1,1
P0305,56,Male,0,0.25,2,1,0,0,1,0,1,1,0,0,0,0,1,0,1,0,0,0,1,1
P0306,74,Male,1,0.4,0,0,0,0,0,0,2,2,0,0,1,0,0,0,2,1,0,0,0,0
P0307,46,Male,0,0.4,2,2,0,0,0,0,0,0,0,0,0,0,1,0,0,0,0,0,0,0
P0308,63,Female,1,0.25,0,0,1,0,1,0,0,0,0,0,0,1,0,0,0,0,1,1,1,0
P0309,51,Male,0,0.4,1,1,0,0,0,0,1,0,0,0,0,0,0,0,1,1,1,0,0,0
P0310,51,Female,1,0.4,1,1,2,2,0,0,0,0,0,0,0,0,0,0,1,0,0,0,2,1
P0311,71,Male,0,0.25,1,0,1,2,1,0,0,0,0,0,0,0,0,0,1,0,0,0,1,1
P0312,67,Female,0,0.25,1,1,1,0,1,1,0,0,0,0,0,1,0,0,1,1,0,0,0,0
P0313,67,Female,0,0.55,2,2,1,2,1,0,1,1,1,1,0,0,0,0,0,0,0,0,0,0
P0314,74,Female,0,0.4,0,0,1,2,0,0,1,1,0,0,0,0,1,1,0,0,0,0,0,0
P0315,55,Male,0,0.4,0,1,0,0,0,0,0,0,0,0,0,0,0,0,0,0,0,0,0,0
P0316,65,Male,0,0.4,1,1,1,0,0,0,0,0,0,0,0,1,2,1,0,0,0,0,0,0
P0317,50,Male,1,0.4,1,1,0,0,0,0,1,0,0,0,1,1,0,0,1,0,0,0,1,0
P0318,59,Female,1,0.7,1,0,1,0,0,0,1,1,2,2,0,0,1,0,0,0,0,0,0,0
P0319,53,Male,0,0.4,1,0,0,0,0,0,0,0,0,0,0,0,0,0,0,0,0,0,1,1
P0320,56,Female,0,0.25,1,0,1,0,1,0,1,0,0,0,0,0,0,0,1,1,0,0,1,0
P0321,63,Female,0,0.4,1,1,2,2,0,0,0,0,0,0,0,0,0,0,0,0,0,0,0,0
P0322,42,Male,0,0.4,0,0,0,0,0,0,0,0,1,0,0,0,0,0,2,2,0,0,0,0
P0323,86,Female,0,0.4,1,1,0,0,0,0,1,0,0,0,0,0,1,1,2,1,1,0,0,0
P0324,39,Male,0,0.4,0,0,2,1,0,0,1,1,0,0,0,0,0,0,0,0,0,0,0,0
P0325,36,Male,0,0.4,0,0,0,0,0,0,0,0,0,0,1,0,0,0,0,0,0,0,1,0
P0326,72,Female,1,0.4,0,0,1,1,0,0,1,1,0,0,0,0,1,1,0,0,1,0,0,0
P0327,66,Female,1,0.4,0,0,1,1,0,0,1,0,0,0,0,0,0,0,0,0,0,0,1,0
P0328,64,Female,1,0.4,1,0,0,0,0,0,1,0,0,0,0,0,1,0,0,0,1,0,0,0
P0329,64,Male,1,0.25,0,0,0,0,1,1,1,1,0,0,0,0,0,0,0,0,0,0,0,0
P0330,54,Male,1,0.25,1,0,0,0,1,0,1,1,1,0,0,0,1,1,2,2,0,0,1,1
P0331,41,Female,0,0.4,0,0,1,0,0,0,0,0,0,0,0,0,0,0,0,0,0,0,1,0
P0332,56,Female,1,0.4,0,0,0,0,0,0,0,0,0,0,0,0,0,0,1,0,0,0,0,0
P0333,44,Female,0,0.25,0,0,0,0,1,0,0,0,0,0,0,0,0,0,0,0,0,0,0,0
P0334,69,Male,0,0.25,0,0,0,0,1,1,0,0,0,0,0,0,1,0,0,0,0,0,1,1
P0335,52,Female,0,0.4,1,1,1,1,0,0,1,1,0,0,0,0,0,0,1,0,0,0,0,0
P0336,42,Male,0,0.25,1,1,1,1,1,0,0,0,0,0,0,0,0,0,0,0,0,0,0,0
P0337,50,Male,0,0.4,1,1,2,2,0,0,0,0,0,0,0,0,0,0,0,0,0,0,1,0
P0338,61,Female,0,0.25,1,0,0,0,1,1,0,0,0,0,1,0,1,1,1,1,0,0,1,1
P0339,46,Male,1,0.1,0,0,1,1,2,2,0,0,0,0,0,0,1,0,1,1,0,0,1,0
P0340,42,Female,1,0.4,1,1,1,1,0,0,0,0,0,0,0,0,2,2,1,1,0,0,1,2
P0341,58,Male,1,0.25,1,1,1,0,1,0,1,0,0,0,0,0,0,0,0,0,0,0,1,1
P0342,58,Male,0,0.4,1,1,2,2,0,0,0,0,0,0,0,0,0,0,0,0,0,0,1,1
P0343,47,Female,1,0.25,0,0,0,0,1,1,1,0,0,0,0,0,0,0,2,2,0,0,1,1
P0344,47,Female,1,0.7,0,0,0,0,0,0,2,2,1,1,0,0,1,0,1,0,0,0,1,1
P0345,58,Female,0,0.25,0,0,1,1,1,0,0,0,1,0,0,0,0,0,0,0,0,0,1,1
P0346,33,Female,0,0.4,0,0,0,0,0,0,0,0,0,0,0,0,0,0,1,0,0,0,0,0
P0347,33,Female,1,0.7,1,1,1,1,0,0,0,0,0,1,0,0,1,1,0,0,1,1,0,0
P0348,44,Female,0,0.7,1,1,1,0,0,0,1,1,1,2,0,0,0,0,0,0,0,0,1,1
P0349,51,Female,0,0.55,1,0,0,0,1,1,1,0,1,1,1,0,0,0,0,0,0,0,1,0
P0350,59,Male,0,0.25,1,0,1,0,1,1,0,0,0,0,0,0,0,0,0,0,0,0,0,0
P0351,77,Female,1,0.25,1,0,0,0,1,1,0,0,0,0,0,0,0,0,0,0,1,0,1,1
P0352,67,Male,1,0.25,1,1,0,0,1,0,1,1,0,0,0,0,1,0,0,0,0,0,0,0
P0353,52,Female,0,0.4,2,2,1,1,0,0,0,0,1,0,0,0,0,0,0,0,2,2,1,1
P0354,54,Female,0,0.4,0,0,2,2,0,0,0,0,0,0,0,0,1,2,1,0,1,0,1,1
P0355,39,Male,0,0.4,0,0,0,0,0,0,1,0,0,0,0,0,0,0,1,1,0,0,2,2
P0356,54,Female,0,0.4,0,0,0,0,0,0,1,0,0,0,2,1,0,0,1,0,1,0,0,1
P0357,50,Female,0,0.4,1,0,1,0,0,0,1,0,0,0,0,1,1,0,1,0,0,0,1,0
P0358,59,Male,0,0.4,2,2,1,1,0,0,1,0,0,0,0,0,0,0,0,0,1,1,0,0
P0359,42,Female,1,0.4,0,0,1,1,0,0,1,0,0,0,0,0,0,0,0,0,0,0,0,0
P0360,62,Female,0,0.4,2,2,0,0,0,0,0,0,0,0,0,0,0,0,1,1,0,0,0,0
P0361,77,Male,0,0.4,0,0,0,0,0,0,1,1,0,0,0,0,0,0,0,0,0,0,1,1
P0362,53,Female,1,0.4,2,1,0,0,0,0,1,0,0,0,1,0,0,0,0,0,1,0,1,1
P0363,61,Male,0,0.25,0,0,1,0,1,1,1,1,0,0,1,0,1,1,0,0,0,0,0,0
P0364,65,Female,0,0.25,0,0,0,0,1,0,0,0,0,0,0,0,1,1,1,1,0,0,1,0
P0365,48,Female,0,0.25,1,0,0,0,1,1,0,0,0,0,0,0,1,1,0,0,0,0,1,1
P0366,58,Female,1,0.7,0,0,2,2,0,0,0,0,1,1,0,0,0,0,1,1,0,0,1,0
P0367,55,Male,0,0.4,0,0,0,0,0,0,0,0,0,0,0,0,0,0,0,0,0,0,2,2
P0368,56,Female,0,0.25,0,0,2,1,1,0,0,0,0,0,1,1,0,0,1,0,0,0,0,0
P0369,43,Female,1,0.4,1,0,1,1,0,1,1,0,0,0,0,0,0,0,1,1,0,1,2,2
P0370,55,Male,1,0.7,1,0,1,0,0,0,1,0,1,1,0,0,0,0,1,0,0,0,1,1
P0371,62,Female,1,0.4,0,0,0,0,0,0,0,0,0,0,0,0,0,0,0,0,0,0,0,0
P0372,76,Male,0,0.4,1,0,0,0,0,0,1,1,0,0,0,0,2,1,0,0,0,0,0,0
P0373,69,Female,0,0.4,1,1,1,1,0,1,0,0,0,0,1,1,0,0,1,0,0,0,0,0
P0374,87,Male,0,0.4,0,0,1,1,0,0,0,0,0,0,0,0,0,0,0,0,1,0,0,0
P0375,43,Male,0,0.4,0,0,1,0,0,0,0,0,1,0,0,0,1,1,0,0,0,0,1,0
P0376,68,Male,1,0.4,0,0,0,1,0,0,0,0,1,0,0,0,0,0,0,0,1,0,1,1
P0377,57,Female,1,0.4,0,0,1,0,0,0,0,0,0,0,0,0,1,1,1,1,1,0,1,0
P0378,87,Male,0,0.25,1,0,1,0,1,0,0,0,0,0,0,0,1,1,0,0,0,0,1,0
P0379,42,Female,1,0.4,0,0,1,0,0,0,0,0,0,0,0,0,1,1,1,1,0,0,0,0
P0380,42,Male,1,0.4,1,1,1,1,0,0,1,1,0,0,0,0,0,0,0,0,1,1,1,1
P0381,46,Male,0,0.25,1,1,1,1,1,1,0,1,0,0,0,0,1,1,0,0,0,0,0,0
P0382,23,Female,0,0.4,0,0,1,1,0,0,1,1,0,0,0,0,0,0,1,0,0,0,2,1
P0383,47,Female,1,0.4,1,0,0,0,0,0,1,0,0,0,0,0,1,1,0,0,0,0,0,0
P0384,43,Male,0,0.4,0,0,0,0,0,0,1,0,0,0,0,0,0,0,0,0,0,0,2,1
P0385,57,Female,1,0.4,2,1,0,0,0,0,2,2,1,0,0,0,0,0,1,1,1,1,0,0
P0386,60,Female,0,0.4,1,0,0,0,0,0,0,0,0,0,0,0,0,0,1,0,0,0,0,0
P0387,83,Female,0,0.25,1,0,0,0,1,1,0,0,1,0,0,0,0,0,0,0,0,0,0,0
P0388,69,Male,0,0.4,1,0,0,0,0,0,1,1,0,0,0,0,1,1,1,1,0,0,1,1
P0389,46,Male,0,0.4,0,0,0,0,0,0,0,0,0,0,0,0,1,1,1,1,0,0,1,1
P0390,41,Female,1,0.4,1,1,0,0,0,0,1,1,0,0,1,0,1,1,1,0,0,1,0,0
P0391,62,Male,0,0.4,2,1,1,1,0,0,1,0,0,0,0,0,0,0,0,0,0,0,2,2
P0392,35,Female,0,0.4,1,1,2,1,0,0,1,0,0,0,0,0,1,1,0,1,1,1,1,0
P0393,82,Female,1,0.4,1,1,0,0,0,0,2,1,0,0,0,0,0,0,1,1,0,0,1,1
P0394,72,Female,1,0.7,2,1,2,1,0,0,2,2,2,2,0,1,1,0,1,0,1,1,1,0
P0395,47,Female,0,0.4,0,0,1,1,0,0,1,2,0,0,0,0,1,0,0,0,0,0,0,0
P0396,29,Female,1,0.4,0,0,0,0,0,0,0,0,0,0,0,0,0,0,0,0,0,0,0,0
P0397,75,Male,1,0.7,1,1,0,0,0,0,1,0,1,1,0,0,1,1,0,0,0,0,2,1
P0398,53,Female,0,0.25,0,0,0,0,1,0,0,0,0,0,0,0,0,0,0,0,0,0,2,1
P0399,73,Male,1,0.4,1,1,1,0,0,0,0,0,0,0,0,0,0,0,0,0,0,0,2,0
P0400,31,Male,1,0.4,2,2,1,1,0,0,1,1,0,0,0,0,0,0,0,0,0,0,2,2
P0401,46,Female,1,0.4,0,0,0,0,0,0,0,0,1,0,0,0,0,0,1,0,0,0,0,0
P0402,55,Female,1,0.55,0,0,0,0,1,1,0,0,1,1,0,0,1,1,0,0,1,0,1,1
P0403,55,Female,0,0.4,1,0,0,0,0,0,0,0,1,0,0,0,0,0,1,0,0,0,0,0
P0404,48,Female,0,0.4,0,0,0,0,0,0,1,0,0,0,1,0,0,0,0,0,0,0,2,2
P0405,64,Male,1,0.25,1,0,0,0,1,0,0,0,1,0,0,0,0,0,0,0,0,0,1,0
P0406,38,Male,0,0.25,1,1,0,0,1,0,1,1,0,0,0,0,1,1,0,0,0,0,1,0
P0407,52,Female,1,0.4,1,0,1,1,0,0,0,0,0,0,1,0,1,1,0,0,0,0,1,2
P0408,56,Male,0,0.4,0,0,2,1,0,0,1,1,0,0,0,0,1,0,1,1,0,0,0,0
P0409,62,Male,1,0.25,1,1,0,0,1,1,1,0,0,0,0,0,1,1,1,1,1,2,0,0
P0410,65,Male,0,0.3,1,0,1,1,2,1,0,0,1,2,0,0,0,0,0,0,1,1,1,1
P0411,38,Male,0,0.55,1,0,0,0,1,1,0,0,1,1,1,1,0,0,0,0,0,0,1,1
P0412,31,Male,0,0.4,0,0,0,0,0,0,0,0,0,0,1,0,0,0,0,0,0,0,0,0
P0413,74,Male,1,0.4,1,1,0,0,0,0,2,1,0,0,0,0,0,0,1,1,0,0,1,1
P0414,59,Male,0,0.4,1,0,1,0,0,0,1,0,0,0,0,0,1,1,1,0,1,0,1,1
P0415,43,Male,0,0.25,0,0,2,2,1,0,2,2,1,0,0,1,0,0,0,0,0,0,0,0
P0416,78,Female,0,0.4,0,0,1,1,0,0,0,0,0,0,0,0,1,0,1,0,0,0,0,0
P0417,56,Male,0,0.4,0,0,0,0,0,0,1,0,0,0,0,0,0,0,1,2,1,1,1,0
P0418,72,Male,1,0.25,1,1,1,1,1,0,1,0,0,0,0,0,0,0,0,0,0,0,1,1
P0419,56,Female,0,0.4,1,0,0,0,0,0,1,0,0,0,0,0,0,0,0,0,0,0,1,1
P0420,85,Male,0,0.25,1,1,1,1,1,1,2,2,0,0,0,0,1,2,1,0,0,0,1,1
P0421,81,Female,1,0.7,0,0,0,0,0,0,0,0,1,1,0,0,1,0,1,0,0,0,0,0
P0422,51,Female,1,0.4,0,0,0,0,0,0,0,0,0,0,0,0,1,1,0,1,0,0,1,0
P0423,69,Male,1,0.4,1,0,1,1,0,0,1,0,0,0,0,0,0,0,0,0,0,0,0,0
P0424,64,Male,0,0.25,1,1,1,0,1,1,1,1,0,0,0,0,2,1,0,0,0,0,0,0
P0425,75,Female,0,0.4,2,1,0,0,0,0,1,1,0,0,0,0,0,0,0,0,0,0,1,0
P0426,40,Female,1,0.4,0,0,1,0,0,0,0,0,1,0,0,0,0,0,1,1,1,0,2,1
P0427,65,Male,1,0.25,1,0,0,0,1,1,0,0,0,0,0,0,2,2,0,0,0,0,0,0
P0428,70,Female,0,0.4,0,0,1,1,0,0,0,0,0,0,0,0,0,0,1,1,0,0,0,0
P0429,28,Male,0,0.4,1,0,1,1,0,0,0,0,0,0,1,1,1,2,1,0,0,0,1,0
P0430,37,Female,1,0.4,1,1,1,0,0,0,1,0,0,0,0,0,0,0,0,0,1,2,1,0
P0431,24,Male,0,0.4,1,0,1,0,0,0,1,0,0,0,0,0,0,0,0,0,1,0,1,1
P0432,50,Female,0,0.4,2,2,0,0,0,0,0,0,0,0,0,0,1,1,0,0,0,0,1,2
P0433,65,Female,0,0.4,0,0,0,0,0,0,0,0,0,0,0,0,0,0,1,0,0,0,1,1
P0434,77,Female,0,0.4,0,0,1,0,0,0,0,0,0,0,0,0,1,1,0,0,1,0,1,0
P0435,56,Female,0,0.4,1,1,0,0,0,0,0,0,0,0,0,0,0,0,1,2,0,0,0,0
P0436,79,Male,0,0.4,1,0,0,0,0,0,1,0,0,0,0,0,1,2,1,0,0,0,0,0
P0437,34,Male,0,0.4,0,0,0,0,0,0,1,0,0,0,0,0,0,0,0,0,1,0,0,0
P0438,29,Male,0,0.4,0,0,0,0,0,0,0,0,0,0,0,0,0,0,1,0,0,0,1,0
P0439,54,Male,1,0.7,0,0,1,1,0,0,1,0,1,1,1,1,0,0,2,1,2,1,2,1
P0440,60,Female,0,0.4,2,1,0,0,0,0,1,0,1,0,0,0,0,0,0,0,1,1,1,1
P0441,54,Male,0,0.4,0,0,1,0,0,0,1,0,0,0,1,1,1,1,0,0,0,0,0,0
P0442,23,Male,0,0.4,0,1,0,0,0,0,0,0,0,0,0,0,0,0,1,1,1,1,0,0
P0443,53,Female,1,0.25,0,0,0,0,1,0,2,1,0,0,0,0,0,0,2,1,0,0,0,0
P0444,35,Female,0,0.4,0,0,0,0,0,0,0,0,0,0,0,0,0,0,0,0,0,0,0,0
P0445,65,Female,1,0.25,0,0,0,0,1,1,0,0,1,0,0,0,0,0,0,0,0,0,1,1
P0446,60,Female,0,0.25,1,1,0,0,1,1,0,0,0,0,0,0,1,1,0,0,0,0,2,1
P0447,40,Male,1,0.4,0,0,1,1,0,0,0,0,0,0,0,0,2,1,2,2,0,0,2,1
P0448,47,Male,1,0.7,1,0,0,0,0,0,0,0,1,1,0,0,0,0,0,0,1,1,1,1
P0449,39,Female,1,0.7,0,0,1,0,0,0,0,0,1,1,0,0,1,1,0,0,0,0,1,0
P0450,54,Female,1,0.25,1,0,0,0,1,0,0,0,0,0,0,0,0,0,1,1,0,0,1,0
P0451,69,Male,0,0.4,2,1,0,0,0,0,1,1,0,0,0,0,0,0,0,0,0,0,0,0
P0452,40,Female,0,0.4,1,1,1,1,0,0,1,1,0,0,0,0,1,0,0,0,1,0,1,0
P0453,62,Male,1,0.4,1,0,0,0,0,0,0,1,0,0,0,0,0,0,0,0,0,0,1,1
P0454,47,Male,0,0.55,0,0,0,0,1,0,1,1,1,1,0,0,1,0,1,1,0,0,1,1
P0455,43,Female,0,0.25,0,0,0,0,1,0,1,1,1,0,0,0,1,1,0,0,0,0,0,0
P0456,53,Female,0,0.4,1,0,0,0,0,0,1,1,0,0,0,0,0,0,1,1,0,0,0,0
P0457,39,Female,0,0.4,2,2,1,0,0,0,0,0,0,0,0,0,1,0,1,1,0,0,0,0
P0458,46,Male,1,0.7,1,0,0,0,0,0,1,1,1,1,0,0,1,1,0,0,0,0,2,1
P0459,37,Female,1,0.4,1,0,1,1,0,0,2,2,0,0,0,0,0,0,0,0,0,0,0,0
P0460,84,Male,0,0.25,1,0,1,1,1,1,1,0,0,0,0,0,0,0,0,0,0,0,1,0
P0461,55,Male,1,0.4,1,1,0,0,0,0,0,0,0,0,0,0,0,0,0,0,1,0,1,0
P0462,44,Female,0,0.4,0,0,1,1,0,0,0,0,0,0,0,0,2,2,1,0,0,0,0,0
P0463,58,Female,0,0.4,1,0,0,0,0,0,1,1,0,0,0,0,1,0,1,0,0,0,1,1
P0464,53,Female,1,0.55,2,2,2,1,1,1,0,0,0,1,0,0,0,1,0,0,0,0,1,2
P0465,51,Female,0,0.25,0,0,0,0,1,0,0,0,0,0,0,0,0,0,0,0,0,0,1,0
P0466,64,Female,0,0.4,1,0,1,0,0,0,0,0,0,0,0,0,1,1,0,0,0,0,2,1
P0467,66,Female,1,0.25,0,0,0,0,1,1,1,1,0,0,1,0,0,0,1,0,0,0,0,0
P0468,47,Male,0,0.4,1,1,0,0,0,0,1,1,0,0,0,0,0,0,0,0,0,0,0,0
P0469,46,Male,0,0.4,0,0,1,1,0,0,0,0,0,0,0,0,0,0,0,0,0,0,1,1
P0470,50,Male,0,0.4,1,1,1,1,0,0,2,2,1,0,0,0,0,0,0,0,0,0,1,0
P0471,20,Male,0,0.4,1,1,0,0,0,0,0,0,0,0,0,0,0,0,0,0,1,1,2,1
P0472,32,Female,1,0.4,0,0,0,0,0,0,1,0,0,0,0,0,0,0,0,0,0,0,1,1
P0473,75,Female,0,0.25,1,1,1,0,1,0,1,0,0,0,0,0,0,0,0,0,0,0,2,1
P0474,79,Male,1,0.7,1,0,1,1,0,0,1,0,1,1,1,0,1,0,0,0,0,0,1,0
P0475,51,Male,1,0.4,2,2,2,2,0,0,2,1,0,0,0,0,0,0,1,1,0,0,1,1
P0476,63,Female,1,0.4,0,0,1,1,0,0,0,0,0,0,0,0,0,0,0,0,0,0,1,1
P0477,59,Male,0,0.4,0,0,2,1,0,0,1,1,0,0,1,1,0,0,0,0,0,0,0,0
P0478,90,Female,0,0.25,0,0,1,0,1,1,0,0,0,0,1,1,0,0,0,1,0,0,2,1
P0479,71,Female,1,0.4,2,1,0,0,0,0,1,0,0,0,0,0,0,0,0,0,0,0,0,0
P0480,53,Female,0,0.4,2,1,0,0,0,0,1,0,0,0,0,0,0,0,0,0,0,0,1,0
P0481,40,Female,0,0.25,1,0,1,1,1,1,1,0,0,0,0,0,0,0,0,0,1,1,0,0
P0482,30,Female,1,0.4,1,1,1,0,0,0,0,0,0,0,0,0,1,0,0,0,0,0,1,1
P0483,58,Male,1,0.4,1,0,0,0,0,0,1,1,0,0,0,0,1,1,0,0,0,0,1,0
P0484,43,Female,1,0.4,1,1,0,0,0,0,0,0,0,0,0,0,1,1,0,0,1,1,0,0
P0485,33,Female,1,0.4,0,0,2,2,0,0,0,0,0,0,0,0,1,0,0,0,0,0,1,0
P0486,45,Male,0,0.1,1,1,0,1,2,2,1,1,0,0,0,0,1,1,1,0,0,0,0,1
P0487,38,Female,1,0.25,0,0,0,0,1,0,0,0,0,0,0,0,0,0,0,0,0,0,1,0
P0488,80,Female,0,0.4,1,1,0,0,0,0,1,1,0,0,0,0,1,0,0,0,0,0,0,0
P0489,68,Female,0,0.25,1,1,0,0,1,0,0,0,0,0,0,0,0,0,0,0,0,0,0,0
P0490,54,Female,0,0.4,1,1,0,0,0,0,0,0,1,0,0,0,1,1,0,0,1,0,0,0
P0491,77,Female,1,0.4,0,0,0,0,0,0,1,0,1,0,0,0,1,1,0,0,0,0,1,0
P0492,56,Female,1,0.4,0,0,0,0,0,0,1,0,0,0,0,0,0,0,0,0,0,0,0,0
P0493,42,Female,0,0.4,0,0,1,0,0,0,0,0,0,0,0,0,0,0,1,1,0,0,2,2
P0494,77,Female,0,0.4,0,0,0,0,0,0,1,0,0,0,0,0,0,0,0,0,1,0,0,0
P0495,63,Female,1,0.4,0,0,1,0,0,0,0,0,1,0,1,0,1,1,0,0,0,0,0,0
P0496,39,Female,0,0.25,2,2,1,1,1,0,1,0,0,0,0,0,1,0,1,1,0,0,0,0
P0497,52,Female,0,0.4,1,0,0,0,0,0,0,0,0,0,0,0,1,0,1,1,0,0,0,0
P0498,41,Male,1,0.4,0,0,1,0,0,0,1,0,1,0,0,0,0,0,0,0,0,0,1,0
P0499,34,Female,1,0.4,0,0,0,0,0,0,1,0,0,0,0,0,1,1,0,0,0,0,1,0
